FID;ENOTA;PT_MID;PT_ID;PT_UIME;POV_KM2;D_OD;DV_OD;STATUS;Y_C;X_C
0;PT;21428329;8341;Adleii;39,4900017;15. 04. 2005 00:00:00;15. 04. 2005 00:00:00;V;528070;37130
1;PT;21428337;5270;Ajdoviina;76,2500000;15. 04. 2005 00:00:00;15. 04. 2005 00:00:00;V;415110;83160
2;PT;21428345;6280;Ankaran - Ancarano;13,6000004;15. 04. 2005 00:00:00;15. 04. 2005 00:00:00;V;404300;49180
3;PT;21428353;9253;Apaae;53,3699989;15. 04. 2005 00:00:00;15. 04. 2005 00:00:00;V;572970;171630
4;PT;21428361;8253;Artiee;18,1499996;15. 04. 2005 00:00:00;15. 04. 2005 00:00:00;V;544760;88720
5;PT;21428370;4275;Begunje na Gorenjskem;31,5400009;15. 04. 2005 00:00:00;15. 04. 2005 00:00:00;V;438260;135910
6;PT;21428388;1382;Begunje pri Cerknici;58,5099983;15. 04. 2005 00:00:00;15. 04. 2005 00:00:00;V;454130;74870
7;PT;21428396;9231;Beltinci;62,3100014;15. 04. 2005 00:00:00;15. 04. 2005 00:00:00;V;594810;163186
8;PT;21428400;2234;Benedikt;23,6800003;15. 04. 2005 00:00:00;15. 04. 2005 00:00:00;V;568918;160631
9;PT;21428418;2345;Bistrica ob Dravi;8,6199999;15. 04. 2005 00:00:00;15. 04. 2005 00:00:00;V;542360;156860
10;PT;21428426;3256;Bistrica ob Sotli;29,8199997;15. 04. 2005 00:00:00;15. 04. 2005 00:00:00;V;551700;101710
11;PT;21428434;8259;Bizeljsko;32,3800011;15. 04. 2005 00:00:00;15. 04. 2005 00:00:00;V;554050;91670
12;PT;21428442;1223;Blagovica;27,7999992;15. 04. 2005 00:00:00;15. 04. 2005 00:00:00;V;483450;117280
13;PT;21428469;8283;Blanca;25,6299992;15. 04. 2005 00:00:00;15. 04. 2005 00:00:00;V;532610;100530
14;PT;21428477;4260;Bled;38,3699989;15. 04. 2005 00:00:00;15. 04. 2005 00:00:00;V;432200;136460
15;PT;21428485;4273;Blejska Dobrava;7,9800000;15. 04. 2005 00:00:00;15. 04. 2005 00:00:00;V;431216;139993
16;PT;21428493;9265;Bodonci;27,4699993;15. 04. 2005 00:00:00;15. 04. 2005 00:00:00;V;583750;175740
17;PT;21428507;9222;Bogojina;24,2800007;15. 04. 2005 00:00:00;15. 04. 2005 00:00:00;V;601610;172810
18;PT;21428515;4263;Bohinjska Bela;34,0999985;15. 04. 2005 00:00:00;15. 04. 2005 00:00:00;V;429450;133170
19;PT;21428523;4264;Bohinjska Bistrica;139,3200073;15. 04. 2005 00:00:00;15. 04. 2005 00:00:00;V;419630;126100
20;PT;21428531;4265;Bohinjsko jezero;142,6100006;15. 04. 2005 00:00:00;15. 04. 2005 00:00:00;V;415290;127900
21;PT;21428540;1353;Borovnica;63,1599998;15. 04. 2005 00:00:00;15. 04. 2005 00:00:00;V;451050;86170
22;PT;21428558;8294;Bo;41,0400009;15. 04. 2005 00:00:00;15. 04. 2005 00:00:00;V;521000;99620
23;PT;21428566;5230;Bovec;91,4899979;15. 04. 2005 00:00:00;15. 04. 2005 00:00:00;V;388820;133540
24;PT;21428574;5295;Branik;31,6100006;15. 04. 2005 00:00:00;15. 04. 2005 00:00:00;V;411820;79670
25;PT;21428582;3314;Braslov;36,4900017;15. 04. 2005 00:00:00;15. 04. 2005 00:00:00;V;503340;127150
26;PT;21428604;5223;Breginj;52,2200012;15. 04. 2005 00:00:00;15. 04. 2005 00:00:00;V;383130;124660
27;PT;21428612;8280;Brestanica;29,1599998;15. 04. 2005 00:00:00;15. 04. 2005 00:00:00;V;533830;95380
28;PT;21428639;2354;Bresternica;29,2800007;15. 04. 2005 00:00:00;15. 04. 2005 00:00:00;V;543770;161530
29;PT;21428655;4243;Brezje;8,2600002;15. 04. 2005 00:00:00;15. 04. 2005 00:00:00;V;440240;132760
30;PT;21428663;1351;Brezovica pri Ljubljani;22,8400002;15. 04. 2005 00:00:00;15. 04. 2005 00:00:00;V;454600;97170
31;PT;21428671;8250;Brezice;36,6300011;15. 04. 2005 00:00:00;15. 04. 2005 00:00:00;V;546320;84680
32;PT;21428680;4210;Brnik - Aerodrom;7,7900000;15. 04. 2005 00:00:00;15. 04. 2005 00:00:00;V;457810;120430
33;PT;21428698;8321;Brusnice;30,7000008;15. 04. 2005 00:00:00;15. 04. 2005 00:00:00;V;519910;73240
34;PT;21428701;3255;Bu;20,2099991;15. 04. 2005 00:00:00;15. 04. 2005 00:00:00;V;543180;107680
35;PT;21428710;8276;Bu;16,6499996;15. 04. 2005 00:00:00;15. 04. 2005 00:00:00;V;523930;87070
36;PT;21428728;9261;Cankova;30,5499992;15. 04. 2005 00:00:00;15. 04. 2005 00:00:00;V;578180;175540
37;PT;21428736;3000;Celje;54,0499992;15. 04. 2005 00:00:00;15. 04. 2005 00:00:00;V;520710;120700
38;PT;21428744;4207;Cerklje na Gorenjskem;69,8700027;15. 04. 2005 00:00:00;15. 04. 2005 00:00:00;V;460700;122870
39;PT;21428752;8263;Cerklje ob Krki;27,5499992;15. 04. 2005 00:00:00;15. 04. 2005 00:00:00;V;543110;82480
40;PT;21428779;1380;Cerknica;107,9199982;15. 04. 2005 00:00:00;15. 04. 2005 00:00:00;V;450470;72660
41;PT;21428787;5282;Cerkno;142,9100037;15. 04. 2005 00:00:00;15. 04. 2005 00:00:00;V;422440;109840
42;PT;21428795;2236;Cerkvenjak;23,9699993;15. 04. 2005 00:00:00;15. 04. 2005 00:00:00;V;572465;160848
43;PT;21428809;2215;Cerkak;12,8599997;15. 04. 2005 00:00:00;15. 04. 2005 00:00:00;V;552180;171100
44;PT;21428817;2326;Cirkovce;24,8799992;15. 04. 2005 00:00:00;15. 04. 2005 00:00:00;V;556380;142640
45;PT;21428825;2282;Cirkulane;31,8999996;15. 04. 2005 00:00:00;15. 04. 2005 00:00:00;V;578170;136530
46;PT;21428833;5273;Col;72,3000031;15. 04. 2005 00:00:00;15. 04. 2005 00:00:00;V;417600;86150
47;PT;21428841;1413;Pem;19,9699993;15. 04. 2005 00:00:00;15. 04. 2005 00:00:00;V;496495;113350
48;PT;21428850;5253;Pepovan;42,2299995;15. 04. 2005 00:00:00;15. 04. 2005 00:00:00;V;404780;100150
49;PT;21428868;9232;Prenvovci;34,8600006;15. 04. 2005 00:00:00;15. 04. 2005 00:00:00;V;599530;159780
50;PT;21428876;2393;Prna na Kororkem;155,8699951;15. 04. 2005 00:00:00;15. 04. 2005 00:00:00;V;488770;147310
51;PT;21428884;6275;Prni Kal;68,6399994;15. 04. 2005 00:00:00;15. 04. 2005 00:00:00;V;410760;45490
52;PT;21428892;3272;Rimske Toplice;32,3199997;15. 04. 2005 00:00:00;15. 04. 2005 00:00:00;V;517140;109620
53;PT;21428906;5274;Prni vrh nad Idrijo;69,0199966;15. 04. 2005 00:00:00;15. 04. 2005 00:00:00;V;425760;91250
54;PT;21428914;5262;Prni e;46,6300011;15. 04. 2005 00:00:00;15. 04. 2005 00:00:00;V;408820;85660
55;PT;21428922;8340;Prnomelj;110,8000031;15. 04. 2005 00:00:00;15. 04. 2005 00:00:00;V;515530;47740
56;PT;21428949;6271;Dekani;9,6800003;15. 04. 2005 00:00:00;15. 04. 2005 00:00:00;V;407250;45090
57;PT;21428957;5210;Deskle;38,4700012;15. 04. 2005 00:00:00;15. 04. 2005 00:00:00;V;393910;103150
58;PT;21428973;2253;Destrnik;34,2700005;15. 04. 2005 00:00:00;15. 04. 2005 00:00:00;V;568720;150610
59;PT;21428981;6215;Divara;38,5600014;15. 04. 2005 00:00:00;15. 04. 2005 00:00:00;V;420150;60260
60;PT;21428990;1233;Dob;22,6000004;15. 04. 2005 00:00:00;15. 04. 2005 00:00:00;V;471640;112940
61;PT;21429007;3224;Dobje pri Planini;16,4699993;15. 04. 2005 00:00:00;15. 04. 2005 00:00:00;V;533618;110753
62;PT;21429015;8257;Dobova;25,6700001;15. 04. 2005 00:00:00;15. 04. 2005 00:00:00;V;551030;83210
63;PT;21429023;1423;Dobovec;22,8600006;15. 04. 2005 00:00:00;15. 04. 2005 00:00:00;V;509014;104831
64;PT;21429031;5263;Dobravlje;29,1000004;15. 04. 2005 00:00:00;15. 04. 2005 00:00:00;V;409010;83490
65;PT;21429040;3204;Dobrna;33,9799995;15. 04. 2005 00:00:00;15. 04. 2005 00:00:00;V;518020;132690
66;PT;21429058;8211;Dobrni;42,5099983;15. 04. 2005 00:00:00;15. 04. 2005 00:00:00;V;498530;82670
67;PT;21429066;1356;Dobrova;33,4199982;15. 04. 2005 00:00:00;15. 04. 2005 00:00:00;V;455060;101180
68;PT;21429082;5212;Dobrovo v Brdih;46,0699997;15. 04. 2005 00:00:00;15. 04. 2005 00:00:00;V;386480;96020
69;PT;21429104;1431;Dol pri Hrastniku;28,6399994;15. 04. 2005 00:00:00;15. 04. 2005 00:00:00;V;511200;107960
70;PT;21429112;1262;Dol pri Ljubljani;37,1899986;15. 04. 2005 00:00:00;15. 04. 2005 00:00:00;V;472820;104920
71;PT;21429139;1273;Dole pri Litiji;42,6500015;15. 04. 2005 00:00:00;15. 04. 2005 00:00:00;V;499910;100500
72;PT;21429147;1331;Dolenja vas;69,5699997;15. 04. 2005 00:00:00;15. 04. 2005 00:00:00;V;475930;58570
73;PT;21429155;8350;Dolenjske Toplice;93,9499969;15. 04. 2005 00:00:00;15. 04. 2005 00:00:00;V;504910;67810
74;PT;21429163;1230;Domeale;30,0200005;15. 04. 2005 00:00:00;15. 04. 2005 00:00:00;V;469600;111380
75;PT;21429171;2252;Dornava;14,0299997;15. 04. 2005 00:00:00;15. 04. 2005 00:00:00;V;573285;143315
76;PT;21429180;5294;Dornberk;11,4099998;15. 04. 2005 00:00:00;15. 04. 2005 00:00:00;V;402500;83600
77;PT;21429198;1319;Draga;53,5400009;15. 04. 2005 00:00:00;15. 04. 2005 00:00:00;V;471780;56340
78;PT;21429201;8343;Dragatuk;55,8899994;15. 04. 2005 00:00:00;15. 04. 2005 00:00:00;V;512320;44250
79;PT;21429210;3222;Dramlje;28,4400005;15. 04. 2005 00:00:00;15. 04. 2005 00:00:00;V;528750;127380
80;PT;21429228;2370;Dravograd;53,9399986;15. 04. 2005 00:00:00;15. 04. 2005 00:00:00;V;502510;160980
81;PT;21429236;4203;Duplje;8,6899996;15. 04. 2005 00:00:00;15. 04. 2005 00:00:00;V;445570;127580
82;PT;21429244;6221;Dutovlje;56,6699982;15. 04. 2005 00:00:00;15. 04. 2005 00:00:00;V;411100;68240
83;PT;21429252;8361;Dvor;67,7500000;15. 04. 2005 00:00:00;15. 04. 2005 00:00:00;V;497080;75490
84;PT;21429279;2343;Fala;14,8599997;15. 04. 2005 00:00:00;15. 04. 2005 00:00:00;V;535050;156270
85;PT;21429287;9208;Fokovci;22,9599991;15. 04. 2005 00:00:00;15. 04. 2005 00:00:00;V;596025;173400
86;PT;21429295;2313;Fram;24,1399994;15. 04. 2005 00:00:00;15. 04. 2005 00:00:00;V;549070;144360
87;PT;21429309;3213;Frankolovo;25,5499992;15. 04. 2005 00:00:00;15. 04. 2005 00:00:00;V;529520;131150
88;PT;21429317;1274;Gabrovka;42,4199982;15. 04. 2005 00:00:00;15. 04. 2005 00:00:00;V;498530;96880
89;PT;21429325;8254;Globoko;19,2700005;15. 04. 2005 00:00:00;15. 04. 2005 00:00:00;V;548920;92890
90;PT;21429333;5275;Godovio;22,5100002;15. 04. 2005 00:00:00;15. 04. 2005 00:00:00;V;431070;90860
91;PT;21429341;4204;Golnik;32,5699997;15. 04. 2005 00:00:00;15. 04. 2005 00:00:00;V;450060;127710
92;PT;21429350;3303;Gomilsko;10,8400002;15. 04. 2005 00:00:00;15. 04. 2005 00:00:00;V;504530;124270
93;PT;21429368;4224;Gorenja vas;92,7699966;15. 04. 2005 00:00:00;15. 04. 2005 00:00:00;V;434280;107320
94;PT;21429376;3263;Gorica pri Slivnici;22,5400009;15. 04. 2005 00:00:00;15. 04. 2005 00:00:00;V;532900;116250
95;PT;21429384;2272;Goricnica;29,1800003;15. 04. 2005 00:00:00;15. 04. 2005 00:00:00;V;576999;143916
96;PT;21429392;9250;Gornja Radgona;41,1800003;15. 04. 2005 00:00:00;15. 04. 2005 00:00:00;V;576310;170620
97;PT;21429414;4282;Gozd Martuljek;57,8499985;15. 04. 2005 00:00:00;15. 04. 2005 00:00:00;V;410250;149820
98;PT;21429422;6272;GradiMae;74,7300034;15. 04. 2005 00:00:00;15. 04. 2005 00:00:00;V;414400;39230
99;PT;21429449;9264;Grad;37,0999985;15. 04. 2005 00:00:00;15. 04. 2005 00:00:00;V;584210;184340
100;PT;21429457;8332;Gradac;40,9199982;15. 04. 2005 00:00:00;15. 04. 2005 00:00:00;V;519070;52630
101;PT;21429465;1384;Grahovo;43,8100014;15. 04. 2005 00:00:00;15. 04. 2005 00:00:00;V;459100;68550
102;PT;21429473;5242;Grahovo ob Baki;37,4000015;15. 04. 2005 00:00:00;15. 04. 2005 00:00:00;V;412670;113100
103;PT;21429481;5251;Grgar;62,4900017;15. 04. 2005 00:00:00;15. 04. 2005 00:00:00;V;399450;93850
104;PT;21429503;3302;Griae;21,6700001;15. 04. 2005 00:00:00;15. 04. 2005 00:00:00;V;514024;118664
105;PT;21429511;3231;Grobelno;20,3600006;15. 04. 2005 00:00:00;15. 04. 2005 00:00:00;V;534943;117100
106;PT;21429520;1290;Grosuplje;101,3000031;15. 04. 2005 00:00:00;15. 04. 2005 00:00:00;V;473720;90160
107;PT;21429538;2288;Hajdina;21,9300003;15. 04. 2005 00:00:00;15. 04. 2005 00:00:00;V;564552;137932
108;PT;21429546;8362;Hinje;48,1800003;15. 04. 2005 00:00:00;15. 04. 2005 00:00:00;V;491970;73050
109;PT;21429554;2311;Ho;19,6100006;15. 04. 2005 00:00:00;15. 04. 2005 00:00:00;V;550040;150820
110;PT;21429589;1354;Horjul;49,2400017;15. 04. 2005 00:00:00;15. 04. 2005 00:00:00;V;441200;100110
111;PT;21429597;1372;Hotedr;35,6500015;15. 04. 2005 00:00:00;15. 04. 2005 00:00:00;V;435331;85001
112;PT;21429619;1430;Hrastnik;28,6100006;15. 04. 2005 00:00:00;15. 04. 2005 00:00:00;V;507020;111530
113;PT;21429627;6225;Hrusevje;43,7500000;15. 04. 2005 00:00:00;15. 04. 2005 00:00:00;V;429490;71800
114;PT;21429643;4276;Hrusica;9,7399998;15. 04. 2005 00:00:00;15. 04. 2005 00:00:00;V;424491;145661
115;PT;21429651;5280;Idrija;129,3999939;15. 04. 2005 00:00:00;15. 04. 2005 00:00:00;V;424630;95700
116;PT;21429660;1292;Ig;99,1999969;15. 04. 2005 00:00:00;15. 04. 2005 00:00:00;V;463770;90860
117;PT;21429678;6250;Ilirska Bistrica;226,7500000;15. 04. 2005 00:00:00;15. 04. 2005 00:00:00;V;442040;47340
118;PT;21429686;1295;Ivansna Gorica;61,0800018;15. 04. 2005 00:00:00;15. 04. 2005 00:00:00;V;485090;88150
119;PT;21429694;2259;Ivanjkovci;29,8199997;15. 04. 2005 00:00:00;15. 04. 2005 00:00:00;V;591470;149620
120;PT;21431109;1316;Ortnek;28,1000004;15. 04. 2005 00:00:00;15. 04. 2005 00:00:00;V;472000;70830
121;PT;21431117;1337;Osilnica;36,2200012;15. 04. 2005 00:00:00;15. 04. 2005 00:00:00;V;476800;42780
122;PT;21431125;8222;Otolec;23,6200008;15. 04. 2005 00:00:00;15. 04. 2005 00:00:00;V;514270;79230
123;PT;21431133;2361;OTbalt;29,4500008;15. 04. 2005 00:00:00;15. 04. 2005 00:00:00;V;527810;161430
124;PT;21431141;2231;Pernica;23,0100002;15. 04. 2005 00:00:00;15. 04. 2005 00:00:00;V;558980;159370
125;PT;21431150;2211;Pesnica pri Mariboru;21,9699993;15. 04. 2005 00:00:00;15. 04. 2005 00:00:00;V;550080;163310
126;PT;21431168;9203;Petrovci;49,1300011;15. 04. 2005 00:00:00;15. 04. 2005 00:00:00;V;593270;185280
127;PT;21431176;3301;Petrovce;28,6200008;15. 04. 2005 00:00:00;15. 04. 2005 00:00:00;V;516070;125130
128;PT;21431184;6330;Piran - Pirano;1,0700001;15. 04. 2005 00:00:00;15. 04. 2005 00:00:00;V;388690;43700
129;PT;21431192;8255;Pi;21,3299999;15. 04. 2005 00:00:00;15. 04. 2005 00:00:00;V;548030;95680
130;PT;21431206;6257;Pivka;171,9100037;15. 04. 2005 00:00:00;15. 04. 2005 00:00:00;V;437770;59890
131;PT;21431214;6232;Planina;38,1500015;15. 04. 2005 00:00:00;15. 04. 2005 00:00:00;V;441720;75590
132;PT;21431222;3225;Planina pri Sevnici;42,6300011;15. 04. 2005 00:00:00;15. 04. 2005 00:00:00;V;534300;109320
133;PT;21431249;6276;Pobegi;10,0100002;15. 04. 2005 00:00:00;15. 04. 2005 00:00:00;V;406200;44670
134;PT;21431257;8312;Podboije;34,4099998;15. 04. 2005 00:00:00;15. 04. 2005 00:00:00;V;540200;79150
135;PT;21431265;5243;Podbrdo;45,2200012;15. 04. 2005 00:00:00;15. 04. 2005 00:00:00;V;418060;117600
136;PT;21431273;3254;Podbetrtek;30,8099995;15. 04. 2005 00:00:00;15. 04. 2005 00:00:00;V;543640;107975
137;PT;21431281;2273;Podgorci;18,1399994;15. 04. 2005 00:00:00;15. 04. 2005 00:00:00;V;582030;143130
138;PT;21431290;6216;Podgorje;20,4899998;15. 04. 2005 00:00:00;15. 04. 2005 00:00:00;V;418046;40661
139;PT;21431303;2381;Podgorje pri Slovenj Gradcu;65,4300003;15. 04. 2005 00:00:00;15. 04. 2005 00:00:00;V;510930;143970
140;PT;21431311;6244;Podgrad;52,4799995;15. 04. 2005 00:00:00;15. 04. 2005 00:00:00;V;438650;42670
141;PT;21431320;1414;Podkum;27,3400002;15. 04. 2005 00:00:00;15. 04. 2005 00:00:00;V;504570;101340
142;PT;21431338;2286;Podlehnik;44,2099991;15. 04. 2005 00:00:00;15. 04. 2005 00:00:00;V;568030;132820
143;PT;21431346;5272;Podnanos;33,5900002;15. 04. 2005 00:00:00;15. 04. 2005 00:00:00;V;424430;69140
144;PT;21431354;4244;Podnart;22,2700005;15. 04. 2005 00:00:00;15. 04. 2005 00:00:00;V;443490;127940
145;PT;21431362;3241;Podplat;35,2299995;15. 04. 2005 00:00:00;15. 04. 2005 00:00:00;V;547600;125750
146;PT;21431389;3257;Podsreda;29,1000004;15. 04. 2005 00:00:00;15. 04. 2005 00:00:00;V;545190;96690
147;PT;21431397;2363;Podvelka;65,6699982;15. 04. 2005 00:00:00;15. 04. 2005 00:00:00;V;525560;160310
148;PT;21431419;2208;Pohorje;25,8400002;15. 04. 2005 00:00:00;15. 04. 2005 00:00:00;V;544985;152740
149;PT;21431427;2257;Polenjak;19,2600002;15. 04. 2005 00:00:00;15. 04. 2005 00:00:00;V;577160;144210
150;PT;21431435;1355;Polhov Gradec;66,3499985;15. 04. 2005 00:00:00;15. 04. 2005 00:00:00;V;452150;103380
151;PT;21431451;4223;Poljane nad ckofjo Loko;51,3400002;15. 04. 2005 00:00:00;15. 04. 2005 00:00:00;V;434060;109510
152;PT;21431460;2319;Poljaane;35,2700005;15. 04. 2005 00:00:00;15. 04. 2005 00:00:00;V;548340;129490
153;PT;21431478;1272;Poljnik;40,5999985;15. 04. 2005 00:00:00;15. 04. 2005 00:00:00;V;494360;102350
154;PT;21431486;3313;Polzela;33,2200012;15. 04. 2005 00:00:00;15. 04. 2005 00:00:00;V;506070;126310
155;PT;21431494;3232;Ponikva;34,0099983;15. 04. 2005 00:00:00;15. 04. 2005 00:00:00;V;534210;121120
156;PT;21431508;6320;Portoro;14,0200005;15. 04. 2005 00:00:00;15. 04. 2005 00:00:00;V;392893;42924
157;PT;21431516;6230;Postojna;137,6000061;15. 04. 2005 00:00:00;15. 04. 2005 00:00:00;V;439220;70480
158;PT;21431524;2331;Pragersko;35,8400002;15. 04. 2005 00:00:00;15. 04. 2005 00:00:00;V;554002;140358
159;PT;21431532;3312;Prebold;39,2000008;15. 04. 2005 00:00:00;15. 04. 2005 00:00:00;V;507142;123748
160;PT;21431559;4205;Preddvor;93,8899994;15. 04. 2005 00:00:00;15. 04. 2005 00:00:00;V;451700;127370
161;PT;21431567;6255;Prem;38,8100014;15. 04. 2005 00:00:00;15. 04. 2005 00:00:00;V;436970;50310
162;PT;21431591;1352;Preserje;62,6300011;15. 04. 2005 00:00:00;15. 04. 2005 00:00:00;V;455230;92590
163;PT;21431605;6258;Prestranek;50,3699989;15. 04. 2005 00:00:00;15. 04. 2005 00:00:00;V;437870;65140
164;PT;21431613;2391;Prevalje;64,4499969;15. 04. 2005 00:00:00;15. 04. 2005 00:00:00;V;489861;155815
165;PT;21431621;3262;Prevorje;13,1599998;15. 04. 2005 00:00:00;15. 04. 2005 00:00:00;V;539786;109779
166;PT;21431630;3253;Pristava pri Mestinju;29,7399998;15. 04. 2005 00:00:00;15. 04. 2005 00:00:00;V;546510;114710
167;PT;21431656;5297;Prvatina;4,5799999;15. 04. 2005 00:00:00;15. 04. 2005 00:00:00;V;399850;84480
168;PT;21431664;2250;Ptuj;63,5600014;15. 04. 2005 00:00:00;15. 04. 2005 00:00:00;V;567258;146010
169;PT;21431672;2323;Ptujska gora;30,8700008;15. 04. 2005 00:00:00;15. 04. 2005 00:00:00;V;558126;135424
170;PT;21431699;9201;Puconci;38,8800011;15. 04. 2005 00:00:00;15. 04. 2005 00:00:00;V;585674;174295
171;PT;21431729;2327;Ra;29,2600002;15. 04. 2005 00:00:00;15. 04. 2005 00:00:00;V;552700;145650
172;PT;21431737;1433;Rade;52,2400017;15. 04. 2005 00:00:00;15. 04. 2005 00:00:00;V;517000;97880
173;PT;21431745;9252;Radenci;32,7599983;15. 04. 2005 00:00:00;15. 04. 2005 00:00:00;V;580060;167230
174;PT;21431753;2360;Radlje ob Dravi;39,4199982;15. 04. 2005 00:00:00;15. 04. 2005 00:00:00;V;514850;165950
175;PT;21431761;1235;Radomlje;24,8899994;15. 04. 2005 00:00:00;15. 04. 2005 00:00:00;V;470130;113520
176;PT;21431770;4240;Radovljica;18,7900009;15. 04. 2005 00:00:00;15. 04. 2005 00:00:00;V;436640;133490
177;PT;21431788;8274;Raka;39,5099983;15. 04. 2005 00:00:00;15. 04. 2005 00:00:00;V;531830;87570
178;PT;21429708;1411;Izlake;37,6300011;15. 04. 2005 00:00:00;15. 04. 2005 00:00:00;V;496070;112360
179;PT;21429724;2222;Jakobski dol;23,7299995;15. 04. 2005 00:00:00;15. 04. 2005 00:00:00;V;556800;164050
180;PT;21429732;2221;Jarenina;16,2199993;15. 04. 2005 00:00:00;15. 04. 2005 00:00:00;V;554010;164090
181;PT;21429759;6254;Jeleane;35,6500015;15. 04. 2005 00:00:00;15. 04. 2005 00:00:00;V;439490;41510
182;PT;21429767;4270;Jesenice;54,2999992;15. 04. 2005 00:00:00;15. 04. 2005 00:00:00;V;428150;144040
183;PT;21429775;8261;Jesenice na Dolenjskem;27,0699997;15. 04. 2005 00:00:00;15. 04. 2005 00:00:00;V;549660;79070
184;PT;21429783;3273;Jurklocter;38,7900009;15. 04. 2005 00:00:00;15. 04. 2005 00:00:00;V;522200;105250
185;PT;21429791;2223;Jurovski Dol;29,9699993;15. 04. 2005 00:00:00;15. 04. 2005 00:00:00;V;560400;160670
186;PT;24034658;9246;Razkrikje;9,8800001;19. 11. 2010 00:00:00;19. 11. 2010 00:00:00;V;598200;153690
187;PT;21429813;2256;Jurkinci;34,8199997;15. 04. 2005 00:00:00;15. 04. 2005 00:00:00;V;574920;149490
188;PT;21429821;5214;Kal nad Kanalom;26,7700005;15. 04. 2005 00:00:00;15. 04. 2005 00:00:00;V;400120;106100
189;PT;21429830;3233;Kalobje;9,8000002;15. 04. 2005 00:00:00;15. 04. 2005 00:00:00;V;531390;114150
190;PT;21429848;4246;Kamna Gorica;23,7299995;15. 04. 2005 00:00:00;15. 04. 2005 00:00:00;V;439750;130400
191;PT;21429856;2351;Kamnica;18,5499992;15. 04. 2005 00:00:00;15. 04. 2005 00:00:00;V;549390;162850
192;PT;21429864;1241;Kamnik;59,9099998;15. 04. 2005 00:00:00;15. 04. 2005 00:00:00;V;466640;122530
193;PT;21429872;5213;Kanal;55,3400002;15. 04. 2005 00:00:00;15. 04. 2005 00:00:00;V;394790;105770
194;PT;21429899;8258;Kapele;18,4200001;15. 04. 2005 00:00:00;15. 04. 2005 00:00:00;V;552370;90300
195;PT;21429902;2362;Kapla;31,3199997;15. 04. 2005 00:00:00;15. 04. 2005 00:00:00;V;531170;164150
196;PT;21429929;2325;Kidri;18,8199997;15. 04. 2005 00:00:00;15. 04. 2005 00:00:00;V;561748;140526
197;PT;21429937;1412;Kisovec;6,5500002;15. 04. 2005 00:00:00;15. 04. 2005 00:00:00;V;498190;111670
198;PT;21429945;6253;Kneoak;112,0000000;15. 04. 2005 00:00:00;15. 04. 2005 00:00:00;V;440170;51630
199;PT;21429953;5222;Kobarid;140,3300018;15. 04. 2005 00:00:00;15. 04. 2005 00:00:00;V;390720;123460
200;PT;21429961;9227;Kobilje;19,7299995;15. 04. 2005 00:00:00;15. 04. 2005 00:00:00;V;607100;172030
201;PT;21429970;1330;Ko;253,5500031;15. 04. 2005 00:00:00;15. 04. 2005 00:00:00;V;489410;55420
202;PT;21429988;1338;Ko;153,5800018;15. 04. 2005 00:00:00;15. 04. 2005 00:00:00;V;490510;47450
203;PT;21429996;2276;Kog;13,9499998;15. 04. 2005 00:00:00;15. 04. 2005 00:00:00;V;596600;144390
204;PT;21430005;5211;Kojsko;25,9099998;15. 04. 2005 00:00:00;15. 04. 2005 00:00:00;V;388550;96730
205;PT;21430013;6223;Komen;73,2699966;15. 04. 2005 00:00:00;15. 04. 2005 00:00:00;V;403290;75390
206;PT;21430021;1218;Komenda;24,0499992;15. 04. 2005 00:00:00;15. 04. 2005 00:00:00;V;464800;118230
207;PT;21430030;6000;Koper - Capodistria;37,4000015;15. 04. 2005 00:00:00;15. 04. 2005 00:00:00;V;401160;45480
208;PT;21430048;8282;Koprivnica;20,5799999;15. 04. 2005 00:00:00;15. 04. 2005 00:00:00;V;539910;98510
209;PT;21430064;5296;Kostanjevica na Krasu;41,1699982;15. 04. 2005 00:00:00;15. 04. 2005 00:00:00;V;392310;78370
210;PT;21430072;6256;Ko;38,5699997;15. 04. 2005 00:00:00;15. 04. 2005 00:00:00;V;434500;57500
211;PT;21430099;2394;Kotlje;19,4599991;15. 04. 2005 00:00:00;15. 04. 2005 00:00:00;V;498930;153820
212;PT;21430102;6240;Kozina;71,3600006;15. 04. 2005 00:00:00;15. 04. 2005 00:00:00;V;418290;51520
213;PT;21430129;3260;Kozje;22,7299995;15. 04. 2005 00:00:00;15. 04. 2005 00:00:00;V;544060;103130
214;PT;21430137;4000;Kranj;59,6500015;15. 04. 2005 00:00:00;15. 04. 2005 00:00:00;V;450690;122370
215;PT;21430145;4280;Kranjska Gora;60,7299995;15. 04. 2005 00:00:00;15. 04. 2005 00:00:00;V;407250;149750
216;PT;21430153;1281;Kresnice;31,9599991;15. 04. 2005 00:00:00;15. 04. 2005 00:00:00;V;485360;106410
217;PT;21430161;4294;Krise;12,0200005;15. 04. 2005 00:00:00;15. 04. 2005 00:00:00;V;445650;132190
218;PT;21430170;9206;Krisevci;42,1800003;15. 04. 2005 00:00:00;15. 04. 2005 00:00:00;V;595760;184010
219;PT;21430188;9242;Krisevci pri Ljutomeru;48,3600006;15. 04. 2005 00:00:00;15. 04. 2005 00:00:00;V;590200;157800
220;PT;21430196;1301;Krka;27,3899994;15. 04. 2005 00:00:00;15. 04. 2005 00:00:00;V;481150;80760
221;PT;21430200;8296;Krmelj;11,0699997;15. 04. 2005 00:00:00;15. 04. 2005 00:00:00;V;516250;95120
222;PT;21430218;4245;Kropa;7,2900000;15. 04. 2005 00:00:00;15. 04. 2005 00:00:00;V;440180;129030
223;PT;21430226;8262;Kr;23,9899998;15. 04. 2005 00:00:00;15. 04. 2005 00:00:00;V;544810;83420
224;PT;21430234;8270;Kr;60,4199982;15. 04. 2005 00:00:00;15. 04. 2005 00:00:00;V;530980;91500
225;PT;21430242;9263;Kuzma;22,8700008;15. 04. 2005 00:00:00;15. 04. 2005 00:00:00;V;582800;188580
226;PT;21430269;2318;Laporje;25,2800007;15. 04. 2005 00:00:00;15. 04. 2005 00:00:00;V;548820;132880
227;PT;21430277;3270;La;92,2200012;15. 04. 2005 00:00:00;15. 04. 2005 00:00:00;V;518800;112490
228;PT;21430285;1219;Laze v Tuhinju;59,9199982;15. 04. 2005 00:00:00;15. 04. 2005 00:00:00;V;477480;119080
229;PT;21430293;2230;Lenart v Slov. goricah;35,5000000;15. 04. 2005 00:00:00;15. 04. 2005 00:00:00;V;564170;159270
230;PT;21430315;4248;Lesce;9,8100004;15. 04. 2005 00:00:00;15. 04. 2005 00:00:00;V;437220;136150
231;PT;21430323;3261;Lesieno;30,9200001;15. 04. 2005 00:00:00;15. 04. 2005 00:00:00;V;541530;105670
232;PT;21430331;8273;Leskovec pri Krgkem;52,6199989;15. 04. 2005 00:00:00;15. 04. 2005 00:00:00;V;532510;88700
233;PT;21430340;2372;Libeliee;12,4200001;15. 04. 2005 00:00:00;15. 04. 2005 00:00:00;V;498330;162660
234;PT;21430366;2341;Limbui;16,9099998;15. 04. 2005 00:00:00;15. 04. 2005 00:00:00;V;543830;157250
235;PT;21430374;1270;Litija;25,7999992;15. 04. 2005 00:00:00;15. 04. 2005 00:00:00;V;487240;101380
236;PT;21430382;3202;Ljubeana;9,3000002;15. 04. 2005 00:00:00;15. 04. 2005 00:00:00;V;525130;124310
237;PT;21430404;1000;Ljubljana;174,3800049;15. 04. 2005 00:00:00;15. 04. 2005 00:00:00;V;462070;101030
238;PT;21430412;1231;Ljubljana -  rnuke;18,1399994;15. 04. 2005 00:00:00;15. 04. 2005 00:00:00;V;465190;104850
239;PT;21430439;1261;Ljubljana - Dobrunje;36,0800018;15. 04. 2005 00:00:00;15. 04. 2005 00:00:00;V;470070;99970
240;PT;21430447;1260;Ljubljana - Polje;12,5799999;15. 04. 2005 00:00:00;15. 04. 2005 00:00:00;V;466980;103550
241;PT;21430455;1210;Ljubljana - Pentvid;12,2700005;15. 04. 2005 00:00:00;15. 04. 2005 00:00:00;V;459270;104730
242;PT;21430463;1211;Ljubljana - Pmartno;20,2900009;15. 04. 2005 00:00:00;15. 04. 2005 00:00:00;V;459000;108450
243;PT;21430471;3333;Ljubno ob Savinji;79,1299973;15. 04. 2005 00:00:00;15. 04. 2005 00:00:00;V;487620;133970
244;PT;21430480;9240;Ljutomer;67,2699966;15. 04. 2005 00:00:00;15. 04. 2005 00:00:00;V;592650;153230
245;PT;21430498;3215;Lo;52,7799988;15. 04. 2005 00:00:00;15. 04. 2005 00:00:00;V;530780;129460
246;PT;21430510;5231;Log pod Mangartom;80,6500015;15. 04. 2005 00:00:00;15. 04. 2005 00:00:00;V;392970;141150
247;PT;21430528;1358;Log pri Brezovici;12,1800003;15. 04. 2005 00:00:00;15. 04. 2005 00:00:00;V;449860;95900
248;PT;21430536;1370;Logatec;86,1399994;15. 04. 2005 00:00:00;15. 04. 2005 00:00:00;V;440620;86120
249;PT;21430544;1434;Loka pri Zidanem Mostu;25,1200008;15. 04. 2005 00:00:00;15. 04. 2005 00:00:00;V;521800;102080
250;PT;21430552;3223;Loka pri Zusmu;28,7000008;15. 04. 2005 00:00:00;15. 04. 2005 00:00:00;V;536510;110960
251;PT;21430579;6219;Lokev;18,3500004;15. 04. 2005 00:00:00;15. 04. 2005 00:00:00;V;416501;58309
252;PT;21430587;1318;Lo;68,8399963;15. 04. 2005 00:00:00;15. 04. 2005 00:00:00;V;468450;62000
253;PT;21430595;2324;Lovrenc na Dravskem polju;23,8700008;15. 04. 2005 00:00:00;15. 04. 2005 00:00:00;V;562020;137980
254;PT;21430609;2344;Lovrenc na Pohorju;70,0699997;15. 04. 2005 00:00:00;15. 04. 2005 00:00:00;V;529850;154970
255;PT;21430617;3334;Lu;110,0000000;15. 04. 2005 00:00:00;15. 04. 2005 00:00:00;V;480640;134740
256;PT;21430625;1225;Lukovica;39,5200005;15. 04. 2005 00:00:00;15. 04. 2005 00:00:00;V;476370;113870
257;PT;21430633;9202;Ma;41,6399994;15. 04. 2005 00:00:00;15. 04. 2005 00:00:00;V;587690;179150
258;PT;21430641;2322;Majkperk;31,6100006;15. 04. 2005 00:00:00;15. 04. 2005 00:00:00;V;556924;132941
259;PT;21430650;2321;Makole;37,0000000;15. 04. 2005 00:00:00;15. 04. 2005 00:00:00;V;551800;133070
260;PT;21430668;9243;Mala Nedelja;28,5499992;15. 04. 2005 00:00:00;15. 04. 2005 00:00:00;V;584555;154089
261;PT;21430676;2229;Male nik;14,0400000;15. 04. 2005 00:00:00;15. 04. 2005 00:00:00;V;553110;157210
262;PT;21430684;6273;Marezige;29,2800007;15. 04. 2005 00:00:00;15. 04. 2005 00:00:00;V;408820;39640
263;PT;21430692;2000;Maribor;61,8600006;15. 04. 2005 00:00:00;15. 04. 2005 00:00:00;V;549740;157810
264;PT;21430706;2206;Marjeta na Dravskem polju;13,2200003;15. 04. 2005 00:00:00;15. 04. 2005 00:00:00;V;556740;145790
265;PT;21430714;2281;Markovci;29,7999992;15. 04. 2005 00:00:00;15. 04. 2005 00:00:00;V;573850;142011
266;PT;21430722;9221;Martjanci;23,5599995;15. 04. 2005 00:00:00;15. 04. 2005 00:00:00;V;591650;172070
267;PT;21430749;6242;Materija;54,8600006;15. 04. 2005 00:00:00;15. 04. 2005 00:00:00;V;422031;49001
268;PT;21430757;4211;Maveiie;13,6800003;15. 04. 2005 00:00:00;15. 04. 2005 00:00:00;V;452740;118990
269;PT;21430765;1215;Medvode;58,1899986;15. 04. 2005 00:00:00;15. 04. 2005 00:00:00;V;453775;113033
270;PT;21430773;1234;Menged;22,4200001;15. 04. 2005 00:00:00;15. 04. 2005 00:00:00;V;467010;113250
271;PT;21430781;8330;Metlika;54,3600006;15. 04. 2005 00:00:00;15. 04. 2005 00:00:00;V;525300;56430
272;PT;21430790;2392;Me;26,1499996;15. 04. 2005 00:00:00;15. 04. 2005 00:00:00;V;489140;152960
273;PT;21430803;2204;Miklav;16,3899994;15. 04. 2005 00:00:00;15. 04. 2005 00:00:00;V;552170;150970
274;PT;21430811;2275;Miklav;19,9400005;15. 04. 2005 00:00:00;15. 04. 2005 00:00:00;V;593351;148721
275;PT;21430820;5291;Miren;19,7000008;15. 04. 2005 00:00:00;15. 04. 2005 00:00:00;V;392290;84490
276;PT;21430838;8233;Mirna;36,2999992;15. 04. 2005 00:00:00;15. 04. 2005 00:00:00;V;501730;90090
277;PT;21430846;8216;Mirna Pep;47,6699982;15. 04. 2005 00:00:00;15. 04. 2005 00:00:00;V;507170;79310
278;PT;21430854;2382;Mislinja;112,9100037;15. 04. 2005 00:00:00;15. 04. 2005 00:00:00;V;515220;144360
279;PT;21430862;4281;Mojstrana;111,3199997;15. 04. 2005 00:00:00;15. 04. 2005 00:00:00;V;415900;148500
280;PT;21430889;8230;Mokronog;25,0900002;15. 04. 2005 00:00:00;15. 04. 2005 00:00:00;V;509750;90470
281;PT;21430897;1251;Moravne;49,9799995;15. 04. 2005 00:00:00;15. 04. 2005 00:00:00;V;480580;110310
282;PT;21430919;9226;Moravske Toplice;23,6900005;15. 04. 2005 00:00:00;15. 04. 2005 00:00:00;V;594300;172820
283;PT;21430927;5216;Most na Sooi;67,8099976;15. 04. 2005 00:00:00;15. 04. 2005 00:00:00;V;409326;116797
284;PT;21430935;1221;Motnik;22,6900005;15. 04. 2005 00:00:00;15. 04. 2005 00:00:00;V;490910;121060
285;PT;21430943;3330;Mozirje;49,5499992;15. 04. 2005 00:00:00;15. 04. 2005 00:00:00;V;497075;132663
286;PT;21430951;9000;Murska Sobota;63,4799995;15. 04. 2005 00:00:00;15. 04. 2005 00:00:00;V;589380;169120
287;PT;21430960;2366;Muta;43,2000008;15. 04. 2005 00:00:00;15. 04. 2005 00:00:00;V;508100;162730
288;PT;21430978;4202;Naklo;18,6000004;15. 04. 2005 00:00:00;15. 04. 2005 00:00:00;V;447779;125870
289;PT;21430986;3331;Nazarje;24,8199997;15. 04. 2005 00:00:00;15. 04. 2005 00:00:00;V;498800;130480
290;PT;21430994;1357;Notranje Gorice;13,1000004;15. 04. 2005 00:00:00;15. 04. 2005 00:00:00;V;453410;95760
291;PT;21431010;5000;Nova Gorica;27,5400009;15. 04. 2005 00:00:00;15. 04. 2005 00:00:00;V;395200;91080
292;PT;21431028;1385;Nova Vas;76,9300003;15. 04. 2005 00:00:00;15. 04. 2005 00:00:00;V;465910;73340
293;PT;21431036;8000;Novo mesto;151,2799988;15. 04. 2005 00:00:00;15. 04. 2005 00:00:00;V;513890;72720
294;PT;21431044;6243;Obrov;87,2399979;15. 04. 2005 00:00:00;15. 04. 2005 00:00:00;V;428350;52710
295;PT;21431052;9233;Odranci;6,9299998;15. 04. 2005 00:00:00;15. 04. 2005 00:00:00;V;598100;160970
296;PT;21431079;2317;Oplotnica;70,0599976;15. 04. 2005 00:00:00;15. 04. 2005 00:00:00;V;535360;140890
297;PT;21431087;2312;Orehova vas;15,9300003;15. 04. 2005 00:00:00;15. 04. 2005 00:00:00;V;549620;148290
298;PT;21431095;2270;Ormoo;33,7900009;15. 04. 2005 00:00:00;15. 04. 2005 00:00:00;V;588600;141140
299;PT;21431796;1381;Rakek;30,6800003;15. 04. 2005 00:00:00;15. 04. 2005 00:00:00;V;448268;74155
300;PT;21431800;4283;Rateke Planica;26,5300007;15. 04. 2005 00:00:00;15. 04. 2005 00:00:00;V;401889;151291
301;PT;21431818;2390;Ravne na Koroakem;37,5499992;15. 04. 2005 00:00:00;15. 04. 2005 00:00:00;V;497626;155521
302;PT;21431826;3332;Re;28,8999996;15. 04. 2005 00:00:00;15. 04. 2005 00:00:00;V;494620;131320
303;PT;21431834;5292;Renie;19,5499992;15. 04. 2005 00:00:00;15. 04. 2005 00:00:00;V;393870;84120
304;PT;21431842;1310;Ribnica;66,7200012;15. 04. 2005 00:00:00;15. 04. 2005 00:00:00;V;479420;66100
305;PT;21431869;2364;Ribnica na Pohorju;63,2400017;15. 04. 2005 00:00:00;15. 04. 2005 00:00:00;V;523710;158290
306;PT;21431885;1314;Rob;45,6699982;15. 04. 2005 00:00:00;15. 04. 2005 00:00:00;V;468330;74330
307;PT;21431893;5215;Ro;26,3400002;15. 04. 2005 00:00:00;15. 04. 2005 00:00:00;V;399030;108750
308;PT;21431907;3250;Roganka Slatina;46,3199997;15. 04. 2005 00:00:00;15. 04. 2005 00:00:00;V;549232;117056
309;PT;21431915;9262;Roganovci;40,1500015;15. 04. 2005 00:00:00;15. 04. 2005 00:00:00;V;579320;185120
310;PT;21431923;3252;Rogatec;43,8400002;15. 04. 2005 00:00:00;15. 04. 2005 00:00:00;V;553870;124030
311;PT;21431931;1373;Rovte;49,4900017;15. 04. 2005 00:00:00;15. 04. 2005 00:00:00;V;438010;99150
312;PT;21431940;2342;Ru;43,7299995;15. 04. 2005 00:00:00;15. 04. 2005 00:00:00;V;539900;155080
313;PT;21431958;1282;Sava;23,1399994;15. 04. 2005 00:00:00;15. 04. 2005 00:00:00;V;491430;106120
314;PT;21431974;4227;Selca;53,1500015;15. 04. 2005 00:00:00;15. 04. 2005 00:00:00;V;439000;114980
315;PT;21431982;2352;Selnica ob Dravi;40,6899986;15. 04. 2005 00:00:00;15. 04. 2005 00:00:00;V;534350;160050
316;PT;21432008;8333;Semii;146,5599976;15. 04. 2005 00:00:00;15. 04. 2005 00:00:00;V;514270;56720
317;PT;21432024;8281;Senovo;32,4300003;15. 04. 2005 00:00:00;15. 04. 2005 00:00:00;V;535160;98500
318;PT;21432032;6224;Senove;57,5400009;15. 04. 2005 00:00:00;15. 04. 2005 00:00:00;V;424250;63620
319;PT;21432059;8290;Sevnica;41,8800011;15. 04. 2005 00:00:00;15. 04. 2005 00:00:00;V;523920;96160
320;PT;21432067;6210;Se;117,0000000;15. 04. 2005 00:00:00;15. 04. 2005 00:00:00;V;412428;62746
321;PT;21432083;5283;Slap ob Idrijci;73,2699966;15. 04. 2005 00:00:00;15. 04. 2005 00:00:00;V;413500;110660
322;PT;21432091;2380;Slovenj Gradec;66,2200012;15. 04. 2005 00:00:00;15. 04. 2005 00:00:00;V;505580;154740
323;PT;21432105;2310;Slovenska Bistrica;53,3800011;15. 04. 2005 00:00:00;15. 04. 2005 00:00:00;V;544600;138630
324;PT;21432113;3210;Slovenske Konjice;41,9099998;15. 04. 2005 00:00:00;15. 04. 2005 00:00:00;V;532820;132830
325;PT;21432121;1216;Smlednik;15,3999996;15. 04. 2005 00:00:00;15. 04. 2005 00:00:00;V;456400;113380
326;PT;21432130;5232;So;155,3300018;15. 04. 2005 00:00:00;15. 04. 2005 00:00:00;V;395880;133380
327;PT;21432148;1317;Sodranica;45,9000015;15. 04. 2005 00:00:00;15. 04. 2005 00:00:00;V;472080;68660
328;PT;21432156;3335;Solrava;102,3099976;15. 04. 2005 00:00:00;15. 04. 2005 00:00:00;V;476680;141830
329;PT;21432164;5250;Solkan;10,1599998;15. 04. 2005 00:00:00;15. 04. 2005 00:00:00;V;396180;92050
330;PT;21432172;4229;Sorica;28,1299992;15. 04. 2005 00:00:00;15. 04. 2005 00:00:00;V;425460;120420
331;PT;21432199;4225;Sovodenj;22,2800007;15. 04. 2005 00:00:00;15. 04. 2005 00:00:00;V;428080;104770
332;PT;21432202;5281;Spodnja Idrija;73,3300018;15. 04. 2005 00:00:00;15. 04. 2005 00:00:00;V;416450;102440
333;PT;21432229;2241;Spodnji Duplek;24,1900005;15. 04. 2005 00:00:00;15. 04. 2005 00:00:00;V;557679;151521
334;PT;21432237;9245;Spodnji Ivanjci;31,4099998;15. 04. 2005 00:00:00;15. 04. 2005 00:00:00;V;570920;164720
335;PT;21432245;2277;Sredijie ob Dravi;33,0000000;15. 04. 2005 00:00:00;15. 04. 2005 00:00:00;V;594770;140330
336;PT;21432253;4267;Srednja vas v Bohinju;39,1199989;15. 04. 2005 00:00:00;15. 04. 2005 00:00:00;V;417580;128560
337;PT;21432261;8256;Sromlje;10,4600000;15. 04. 2005 00:00:00;15. 04. 2005 00:00:00;V;544410;92320
338;PT;21432270;5224;Srpenica;40,0000000;15. 04. 2005 00:00:00;15. 04. 2005 00:00:00;V;384050;130780
339;PT;21432288;1242;Stahovica;112,8600006;15. 04. 2005 00:00:00;15. 04. 2005 00:00:00;V;470640;123230
340;PT;21432296;1332;Stara Cerkev;121,9000015;15. 04. 2005 00:00:00;15. 04. 2005 00:00:00;V;488090;56890
341;PT;21432300;8342;Stari trg ob Kolpi;63,0000000;15. 04. 2005 00:00:00;15. 04. 2005 00:00:00;V;506130;42960
342;PT;21432318;1386;Stari trg pri Lopu;166,8200073;15. 04. 2005 00:00:00;15. 04. 2005 00:00:00;V;459020;64770
343;PT;21432326;2205;Starie;18,1200008;15. 04. 2005 00:00:00;15. 04. 2005 00:00:00;V;559330;147240
344;PT;21432342;2289;Stoperce;22,3600006;15. 04. 2005 00:00:00;15. 04. 2005 00:00:00;V;554634;129025
345;PT;21432369;8322;Stopire;3,7200000;15. 04. 2005 00:00:00;15. 04. 2005 00:00:00;V;516310;69520
346;PT;21432377;3206;Stranice;15,0600004;15. 04. 2005 00:00:00;15. 04. 2005 00:00:00;V;528340;136410
347;PT;21432393;8351;Strana pri Novem mestu;32,0099983;15. 04. 2005 00:00:00;15. 04. 2005 00:00:00;V;509480;71440
348;PT;21432407;1313;Struge;37,1399994;15. 04. 2005 00:00:00;15. 04. 2005 00:00:00;V;480920;72820
349;PT;21432415;8293;Studenec;30,5900002;15. 04. 2005 00:00:00;15. 04. 2005 00:00:00;V;526790;93320
350;PT;21432423;8331;Suhor;22,5400009;15. 04. 2005 00:00:00;15. 04. 2005 00:00:00;V;524460;61410
351;PT;21432440;2233;Sv. Ana v Slov. goricah;37,1699982;15. 04. 2005 00:00:00;15. 04. 2005 00:00:00;V;566866;169207
352;PT;21432458;2353;Sv. Duh na Ostrem Vrhu;19,2199993;15. 04. 2005 00:00:00;15. 04. 2005 00:00:00;V;533350;161470
353;PT;21432474;9244;Sveti Jurij ob emavnici;56,7900009;15. 04. 2005 00:00:00;15. 04. 2005 00:00:00;V;579560;162550
354;PT;21432482;3264;Sveti Jtefan;10,1800003;15. 04. 2005 00:00:00;15. 04. 2005 00:00:00;V;537195;113619
355;PT;21432504;2258;Sv.Tomat;37,4399986;15. 04. 2005 00:00:00;15. 04. 2005 00:00:00;V;581940;145470
356;PT;21432512;9204;Palovci;41,2000008;15. 04. 2005 00:00:00;15. 04. 2005 00:00:00;V;595780;185520
357;PT;21432539;5261;Pempas;30,9200001;15. 04. 2005 00:00:00;15. 04. 2005 00:00:00;V;401550;88950
358;PT;21432547;5290;Pempeter pri Gorici;14,9899998;15. 04. 2005 00:00:00;15. 04. 2005 00:00:00;V;394740;88030
359;PT;21432555;3311;Pempeter v Savinjski dolini;17,0200005;15. 04. 2005 00:00:00;15. 04. 2005 00:00:00;V;511080;122500
360;PT;21432563;4208;Penpur;22,4200001;15. 04. 2005 00:00:00;15. 04. 2005 00:00:00;V;455871;122346
361;PT;21432571;2212;Pentilj v Slov. goricah;20,0400009;15. 04. 2005 00:00:00;15. 04. 2005 00:00:00;V;553756;170271
362;PT;21432580;8297;Pentjan ;40,4399986;15. 04. 2005 00:00:00;15. 04. 2005 00:00:00;V;513160;94750
363;PT;21432598;2373;Pentjan  pri Dravogradu;24,1800003;15. 04. 2005 00:00:00;15. 04. 2005 00:00:00;V;502600;159160
364;PT;21432601;8310;Pentjernej;95,7900009;15. 04. 2005 00:00:00;15. 04. 2005 00:00:00;V;520626;78848
365;PT;21432610;3230;Pentjur;49,2700005;15. 04. 2005 00:00:00;15. 04. 2005 00:00:00;V;530920;119350
366;PT;21432628;3271;Pentrupert;16,6100006;15. 04. 2005 00:00:00;15. 04. 2005 00:00:00;V;525860;113180
367;PT;21432636;8232;Pentrupert;42,1300011;15. 04. 2005 00:00:00;15. 04. 2005 00:00:00;V;505249;93254
368;PT;21432644;1296;Pentvid pri Stiani;56,4199982;15. 04. 2005 00:00:00;15. 04. 2005 00:00:00;V;487630;90480
369;PT;21432652;8275;Pkocjan;41,7299995;15. 04. 2005 00:00:00;15. 04. 2005 00:00:00;V;523458;82435
370;PT;21432679;6281;Pkofije;13,5699997;15. 04. 2005 00:00:00;15. 04. 2005 00:00:00;V;407370;48400
371;PT;21432687;4220;Pkofja Loka;109,5999985;15. 04. 2005 00:00:00;15. 04. 2005 00:00:00;V;452640;112640
372;PT;21432695;3211;Pkofja vas;8,9700003;15. 04. 2005 00:00:00;15. 04. 2005 00:00:00;V;521870;123870
373;PT;21432709;1291;Pkofljica;45,1100006;15. 04. 2005 00:00:00;15. 04. 2005 00:00:00;V;469640;88400
374;PT;21432717;6274;Pmarje;34,0999985;15. 04. 2005 00:00:00;15. 04. 2005 00:00:00;V;404180;39310
375;PT;21432725;1293;Pmarje - Sap;19,5499992;15. 04. 2005 00:00:00;15. 04. 2005 00:00:00;V;470830;92100
376;PT;21432733;3240;Pmarje pri Jeliah;41,7900009;15. 04. 2005 00:00:00;15. 04. 2005 00:00:00;V;540340;120570
377;PT;21432741;8220;Pmarje ke Toplice;34,3199997;15. 04. 2005 00:00:00;15. 04. 2005 00:00:00;V;520320;78950
378;PT;21432750;2315;Pmartno na Pohorju;46,0000000;15. 04. 2005 00:00:00;15. 04. 2005 00:00:00;V;543620;142280
379;PT;21432768;3341;Pmartno ob Dreti;22,7099991;15. 04. 2005 00:00:00;15. 04. 2005 00:00:00;V;490470;127120
380;PT;21432776;3327;Pmartno ob Paki;26,3600006;15. 04. 2005 00:00:00;15. 04. 2005 00:00:00;V;502130;130050
381;PT;21432784;1275;Pmartno pri Litiji;80,8899994;15. 04. 2005 00:00:00;15. 04. 2005 00:00:00;V;488501;100001
382;PT;21432792;2383;Pmartno pri Slovenj Gradcu;36,8899994;15. 04. 2005 00:00:00;15. 04. 2005 00:00:00;V;511640;147535
383;PT;21432814;3201;Pmartno v RoSni dolini;18,2999992;15. 04. 2005 00:00:00;15. 04. 2005 00:00:00;V;520190;126860
384;PT;21432822;3325;Po;96,2699966;15. 04. 2005 00:00:00;15. 04. 2005 00:00:00;V;499710;138360
385;PT;21432849;6222;Ptanjel;47,7799988;15. 04. 2005 00:00:00;15. 04. 2005 00:00:00;V;413840;77800
386;PT;21432857;3220;Ptore;32,0099983;15. 04. 2005 00:00:00;15. 04. 2005 00:00:00;V;523190;117400
387;PT;21432865;3304;Tabor;34,7099991;15. 04. 2005 00:00:00;15. 04. 2005 00:00:00;V;502858;122648
388;PT;21432873;3221;Teharje;4,7900000;15. 04. 2005 00:00:00;15. 04. 2005 00:00:00;V;524220;121430
389;PT;21432881;9251;Ti;38,8100014;15. 04. 2005 00:00:00;15. 04. 2005 00:00:00;V;580780;171960
390;PT;21432890;5220;Tolmin;142,6999969;15. 04. 2005 00:00:00;15. 04. 2005 00:00:00;V;402730;116510
391;PT;21432903;3326;Topolnica;6,4299998;15. 04. 2005 00:00:00;15. 04. 2005 00:00:00;V;501840;140530
392;PT;21432911;2371;Trbonje;11,5699997;15. 04. 2005 00:00:00;15. 04. 2005 00:00:00;V;507670;161150
393;PT;21432920;1420;Trbovlje;37,4799995;15. 04. 2005 00:00:00;15. 04. 2005 00:00:00;V;504160;111730
394;PT;21432938;8231;Trebelno;48,3100014;15. 04. 2005 00:00:00;15. 04. 2005 00:00:00;V;511840;86700
395;PT;21432946;8210;Trebnje;54,3499985;15. 04. 2005 00:00:00;15. 04. 2005 00:00:00;V;501040;85130
396;PT;21432954;5252;Trnovo pri Gorici;70,2099991;15. 04. 2005 00:00:00;15. 04. 2005 00:00:00;V;407920;101150
397;PT;21432962;2254;Trnovska vas;21,9899998;15. 04. 2005 00:00:00;15. 04. 2005 00:00:00;V;569250;153620
398;PT;21432989;1222;Trojane;22,8199997;15. 04. 2005 00:00:00;15. 04. 2005 00:00:00;V;488710;116230
399;PT;21432997;1236;Trzin;8,6199999;15. 04. 2005 00:00:00;15. 04. 2005 00:00:00;V;466770;110320
400;PT;21433004;4290;Tr;141,2899933;15. 04. 2005 00:00:00;15. 04. 2005 00:00:00;V;447180;135970
401;PT;21433012;8295;Tr;43,1899986;15. 04. 2005 00:00:00;15. 04. 2005 00:00:00;V;521520;92890
402;PT;21433039;1311;Turjak;27,0200005;15. 04. 2005 00:00:00;15. 04. 2005 00:00:00;V;471020;84860
403;PT;21433047;9224;Turnik;23,8500004;15. 04. 2005 00:00:00;15. 04. 2005 00:00:00;V;601641;164783
404;PT;21433055;8323;Ur;40,0900002;15. 04. 2005 00:00:00;15. 04. 2005 00:00:00;V;510628;65764
405;PT;21433063;1252;Va;27,8999996;15. 04. 2005 00:00:00;15. 04. 2005 00:00:00;V;485970;107530
406;PT;21433080;3320;Velenje;83,6299973;15. 04. 2005 00:00:00;15. 04. 2005 00:00:00;V;507135;139360
407;PT;21433098;8212;Velika Loka;30,1800003;15. 04. 2005 00:00:00;15. 04. 2005 00:00:00;V;496250;85900
408;PT;21433101;2274;Velika Nedelja;28,4099998;15. 04. 2005 00:00:00;15. 04. 2005 00:00:00;V;585120;145930
409;PT;21433110;9225;Velika Polana;18,6800003;15. 04. 2005 00:00:00;15. 04. 2005 00:00:00;V;603630;159540
410;PT;21433128;1315;Velike Lalae;45,3100014;15. 04. 2005 00:00:00;15. 04. 2005 00:00:00;V;471470;72820
411;PT;21433136;8213;Veliki Gaber;20,3199997;15. 04. 2005 00:00:00;15. 04. 2005 00:00:00;V;493950;84130
412;PT;21433144;9241;Veriej;16,6299992;15. 04. 2005 00:00:00;15. 04. 2005 00:00:00;V;592440;157130
413;PT;21433179;2284;Videm pri Ptuju;36,8600006;15. 04. 2005 00:00:00;15. 04. 2005 00:00:00;V;568580;139670
414;PT;21433187;8344;Vinica;87,9400024;15. 04. 2005 00:00:00;15. 04. 2005 00:00:00;V;516140;37670
415;PT;21433195;5271;Vipava;86,0800018;15. 04. 2005 00:00:00;15. 04. 2005 00:00:00;V;417290;81830
416;PT;21433209;4212;Visoko;5,2399998;15. 04. 2005 00:00:00;15. 04. 2005 00:00:00;V;456700;124760
417;PT;21433217;1294;Vi;32,8499985;15. 04. 2005 00:00:00;15. 04. 2005 00:00:00;V;483250;88520
418;PT;21433225;3205;Vitanje;59,1899986;15. 04. 2005 00:00:00;15. 04. 2005 00:00:00;V;523220;137440
419;PT;21433241;2255;Vitomarci;16,9400005;15. 04. 2005 00:00:00;15. 04. 2005 00:00:00;V;572070;153840
420;PT;21433250;1217;Vodice;29,9200001;15. 04. 2005 00:00:00;15. 04. 2005 00:00:00;V;461400;115930
421;PT;21433268;3212;Vojnik;28,5599995;15. 04. 2005 00:00:00;15. 04. 2005 00:00:00;V;523880;127730
422;PT;21433276;5293;Volnja Draga;12,9499998;15. 04. 2005 00:00:00;15. 04. 2005 00:00:00;V;400020;87610
423;PT;21433284;2232;Volijina;25,8400002;15. 04. 2005 00:00:00;15. 04. 2005 00:00:00;V;562680;157280
424;PT;21433292;3305;Vransko;47,6199989;15. 04. 2005 00:00:00;15. 04. 2005 00:00:00;V;496650;122390
425;PT;21433306;6217;Vremski Britof;62,7000008;15. 04. 2005 00:00:00;15. 04. 2005 00:00:00;V;424310;57240
426;PT;21433314;1360;Vrhnika;87,5599976;15. 04. 2005 00:00:00;15. 04. 2005 00:00:00;V;439690;89680
427;PT;21433322;2365;Vuhred;33,8699989;15. 04. 2005 00:00:00;15. 04. 2005 00:00:00;V;518510;161400
428;PT;21433349;2367;Vuzenica;48,2799988;15. 04. 2005 00:00:00;15. 04. 2005 00:00:00;V;509970;161090
429;PT;21433357;8292;Zabukovje;29,0699997;15. 04. 2005 00:00:00;15. 04. 2005 00:00:00;V;526740;102520
430;PT;21433365;1410;Zagorje ob Savi;46,5200005;15. 04. 2005 00:00:00;15. 04. 2005 00:00:00;V;501680;111930
431;PT;21433373;1303;Zagradec;61,4799995;15. 04. 2005 00:00:00;15. 04. 2005 00:00:00;V;486400;80330
432;PT;21433381;2283;Zavra;19,2500000;15. 04. 2005 00:00:00;15. 04. 2005 00:00:00;V;580940;138460
433;PT;21433390;8272;Zdole;16,5900002;15. 04. 2005 00:00:00;15. 04. 2005 00:00:00;V;543890;92640
434;PT;21433403;4201;Zgornja Besnica;32,3400002;15. 04. 2005 00:00:00;15. 04. 2005 00:00:00;V;448300;122850
435;PT;21433411;2242;Zgornja Korena;18,2199993;15. 04. 2005 00:00:00;15. 04. 2005 00:00:00;V;558650;152480
436;PT;21433420;2201;Zgornja Kungota;49,8800011;15. 04. 2005 00:00:00;15. 04. 2005 00:00:00;V;547380;166280
437;PT;21433438;2316;Zgornja Lonnica;54,2599983;15. 04. 2005 00:00:00;15. 04. 2005 00:00:00;V;541820;137620
438;PT;21433446;2314;Zgornja Polskava;13,0500002;15. 04. 2005 00:00:00;15. 04. 2005 00:00:00;V;547180;141530
439;PT;21433454;2213;Zgornja Velka;23,8799992;15. 04. 2005 00:00:00;15. 04. 2005 00:00:00;V;561840;173130
440;PT;21433462;4247;Zgornje Gorje;128,8099976;15. 04. 2005 00:00:00;15. 04. 2005 00:00:00;V;429130;137520
441;PT;21433489;4206;Zgornje Jezersko;68,7300034;15. 04. 2005 00:00:00;15. 04. 2005 00:00:00;V;461660;139120
442;PT;21433519;2285;Zgornji Leskovec;30,1100006;15. 04. 2005 00:00:00;15. 04. 2005 00:00:00;V;575255;130135
443;PT;21433527;1432;Zidani Most;15,0500002;15. 04. 2005 00:00:00;15. 04. 2005 00:00:00;V;515388;104250
444;PT;21433535;3214;Zreae;52,9199982;15. 04. 2005 00:00:00;15. 04. 2005 00:00:00;V;532212;134896
445;PT;21433551;4209;Pabnica;21,7999992;15. 04. 2005 00:00:00;15. 04. 2005 00:00:00;V;448390;117830
446;PT;21433560;3310;Palec;45,2900009;15. 04. 2005 00:00:00;15. 04. 2005 00:00:00;V;513010;123000
447;PT;21433586;4228;Pelezniki;111,7300034;15. 04. 2005 00:00:00;15. 04. 2005 00:00:00;V;435502;119688
448;PT;21433594;2287;Petale;38,0000000;15. 04. 2005 00:00:00;15. 04. 2005 00:00:00;V;561770;126110
449;PT;21433608;4226;Piri;44,1300011;15. 04. 2005 00:00:00;15. 04. 2005 00:00:00;V;436185;100222
450;PT;21433616;4274;Pirovnica;45,4700012;15. 04. 2005 00:00:00;15. 04. 2005 00:00:00;V;432570;141800
451;PT;21433624;8360;Pu;60,1300011;15. 04. 2005 00:00:00;15. 04. 2005 00:00:00;V;494870;80770
452;PT;21430056;8311;Kostanjevica na Krki;58,3300018;23. 05. 2005 00:00:00;24. 05. 2005 00:00:00;V;534470;79180
453;PT;21429716;6310;Izola - Isola;28,3400002;30. 01. 2007 00:00:00;31. 01. 2007 00:00:00;V;395860;44600
454;PT;21431966;6333;Se;28,5699997;14. 12. 2007 00:00:00;14. 12. 2007 00:00:00;V;393650;38950
455;PT;21433071;1336;Kostel;56,1100006;13. 03. 2008 00:00:00;13. 03. 2008 00:00:00;V;491180;36980
456;PT;21433152;1312;Videm - Dobrepolje;63,1699982;10. 10. 2008 00:00:00;10. 10. 2008 00:00:00;V;476640;78290
457;PT;21432466;2235;Sv. Trojica v Slov. goricah;25,8799992;7. 11. 2008 00:00:00;7. 11. 2008 00:00:00;V;569800;160380
458;PT;21429562;9205;HodoT - Hodos;18,1000004;25. 11. 2010 00:00:00;25. 11. 2010 00:00:00;V;601530;187280
459;PT;21431648;9207;Prosenjakovci - Pvrtosfalva;43,3199997;25. 11. 2010 00:00:00;25. 11. 2010 00:00:00;V;598890;176910
460;PT;21430307;9220;Lendava - Lendva;102,7399979;25. 11. 2010 00:00:00;25. 11. 2010 00:00:00;V;611670;158700
461;PT;21429074;9223;Dobrovnik - Dobronak;48,1899986;25. 11. 2010 00:00:00;25. 11. 2010 00:00:00;V;608070;164950
462;PT;21431583;1276;Primskovo;13,8599997;6. 03. 2012 00:00:00;6. 03. 2012 00:00:00;V;492470;96030
463;PT;21431001;3203;Nova Cerkev;23,4400005;28. 03. 2012 00:00:00;28. 03. 2012 00:00:00;V;522410;129940
464;PT;21429406;3342;Gornji Grad;89,1800003;23. 09. 2014 00:00:00;23. 09. 2014 00:00:00;V;485360;128020
465;PT;21432075;2214;Sladki Vrh;7,0599999;25. 11. 2016 00:00:00;25. 11. 2016 00:00:00;V;555110;172670