23260215;11620957
23260943;11613861
23261418;11587801
23261772;11589979
23278759;11635091
23279196;19127940
23279872;11616445
23280405;11609511
23298586;11629229
23299347;11614507
31348002;19129896
23298058;11629008
23261743;11593186
23279313;11605184
31320574;11590713
31743873;19130258
23314027;11594301
23299468;11614493
23299099;11594255
23260782;11587615
23279797;11583270
23279980;16563005
33133728;11591027
23260315;19118274
23260574;11587739
23260608;11592007
23260653;11619053
23260749;11596258
23260765;19131874
23261473;11590730
23279859;11582788
23280179;19131408
23313778;11604129
23297973;11613110
23298683;11638473
31311868;19136094
23260681;11619185
23262092;11590136
23279164;11605451
23262063;11589596
23262298;11592929
23260798;11592112
23261355;11613349
23261783;11593780
23261833;11582303
23261892;11582150
23261978;11589677
23280060;11583857
23297951;11606415
23299145;11598897
32340366;19135128
23279185;11635547
32872946;19137287
23279226;11644295
23261327;11613519
23280127;11643728
23298215;11613225
23298575;11629245
23298756;11638341
23260934;11596088
32904643;19137422
33158769;19137988
23260454;19125661
23262290;19129802
23259632;11618316
23260175;11620540
23260321;11606806
23278993;11635709
23279543;11582575
23279919;11582389
23280082;11643655
23298910;11638970
23262284;11592635
23259427;11618405
23260401;11620256
23261169;11592040
23261679;11591060
23278717;16391166
23313881;11604242
23297797;11612814
23260782;11587593
23279482;19133010
32417523;19139387
23260350;11596363
23260940;11613888
23261215;11591868
23261378;11587348
23279734;11643515
23279905;11616160
23313684;11598277
23313894;11604315
23314289;11636713
23314486;11614043
23298392;11605214
23298828;11638651
23299452;11614604
23260624;11592295
23261406;11587569
23261750;11593208
23278221;11636047
23278287;11643132
23279628;11616038
23280693;11583148
23298716;11598684
31166150;19127974
23260609;11592015
23261977;11589642
23260592;11586929
23260849;11592244
23260930;11596100
23261171;11586970
23261293;11593704
23261332;11613489
23261449;11587763
23261824;11584403
23278965;11579485
23279150;11643922
23279332;11605281
23314070;11598196
23298269;11598846
23298805;19125220
33903982;11636764
23262081;11590101
23260034;11607365
23261038;11584268
23261223;11593372
23279270;11621317
23313994;11604358
23298304;11612059
23298974;11638678
31885275;19129985
23298606;11606164
23279322;11579493
23260525;11620043
23261523;11588441
23278738;11634923
23279476;11643434
23279920;19126439
23298001;11629067
23298233;11594140
23298822;11621848
23260533;11619991
23260599;11593925
23260910;19118681
23260950;11613837
23261086;11596053
23261401;11593666
23261481;11588891
23261514;11589243
23261572;11589138
23278606;11634915
23279324;19128253
23280129;11643744
23280138;11583075
23313911;11604374
23314224;11636594
23298277;11605257
31208732;19125726
23299030;11638937
23279520;11583458
23298592;19138844
34047708;19138771
23261859;11582214
23279609;11582885
23280086;11643604
23278576;11635202
23279832;19135900
23262297;11592945
23260106;11606954
23261095;11592996
23261097;11593003
23261474;11590691
23261654;11588310
23261780;11593038
23278418;11643027
23279397;11579523
23279944;11621708
23280192;11609651
31448575;19128687
23298180;11606547
31711432;19131467
23261117;11590411
23261360;11591906
23278816;11618251
23278948;11635865
23279616;11621660
23279719;11621597
23280013;11583873
23314015;11594280
23299164;11599192
31919492;19132366
23261278;11592252
23298462;11599079
23261697;11590535
23262237;11588778
23259527;11618235
23260214;11620965
23261737;11594000
23279204;11605150
23314089;11598226
23298818;11638015
31346657;11636055
32047350;19133966
23260696;11619070
23279387;19138445
33876675;19138208
23260938;11596070
23261623;11591663
23261888;11582133
23278582;11635083
23279407;11635296
23279711;11616089
23279765;11643370
23313922;11604226
31835894;11613209
23298893;19126412
23299014;11599486
23280084;19137651
32686709;19136884
23260078;19125688
23261545;11591582
23261860;11582249
23278660;11635024
23278718;11634940
23279348;19125246
23280796;11621422
23280804;11621406
23259493;11617662
23259770;11617786
23260197;11620663
23260198;11620698
23260522;11620213
23260572;11619959
23261248;11592031
23279436;11635342
23280035;11583997
23280055;11644333
23280065;11583822
23298897;11638848
23261017;11613659
23259779;11617808
23260390;11620469
23260487;11617824
23260496;11620850
23260565;11584195
23260984;11613705
23278393;11636012
23278884;11642853
23279726;11584152
23280482;11621538
23299114;11621988
23279552;11616348
23279089;11621147
23280689;11583105
32428912;19135560
23260768;11620108
23260942;19129845
23261028;11584225
23261477;11588816
23279995;11583415
23280034;11583989
23298523;11599117
23299204;11598889
32310307;19137945
23259622;11634788
23260323;11606741
23260759;11620175
23260987;11619851
23261080;11593348
23261344;11613420
23278972;11644082
23279416;11635423
23314534;11636802
23298634;11606172
23298848;11621864
23280074;11643698
23260381;11620523
23260204;11620728
23260372;11620361
23260594;11587364
23260870;11590853
23261299;11591833
23279571;11583776
23279914;11582931
23314520;11614230
23299091;11638244
32399399;19135454
23298882;19138542
23262161;11591086
23260178;11620574
23260993;11619878
23261076;11588069
23261680;11591019
23278272;11642934
23279979;11616020
23314056;11636403
23314064;11594336
23314485;11614051
23314492;11614086
23298677;11638490
23262086;11590187
23279645;11621732
32051605;19138593
23261542;11589219
23261239;11588921
23279801;11616305
23279805;16354821
23299447;11614663
23261712;11590608
23261538;11589294
23298405;11599044
31378029;19139549
31158982;11634893
23260858;19128270
23261191;11591361
23261396;11592597
23279037;11644163
23279812;11582362
23297952;11606407
23261348;19130533
23261532;11588417
23259795;11606687
23260243;11619436
31449134;19128750
31200302;19128393
23261606;11587178
23261897;11582192
23262005;19129934
23279561;11583563
23297997;11613217
33869882;16343854
23260371;11620370
23260752;11596240
23260833;11592210
23279227;11605095
23279731;16171492
23279749;11582761
23279993;11643361
23280787;11621473
23299613;19124975
23261084;11593305
23279326;11643949
23279526;19120040
23279680;11582672
23280750;11615937
23298156;19125165
23279523;19129551
31324656;11616364
31774788;19133028
23260955;11613799
23261135;16171476
23261282;11589910
23261609;11591639
23261939;11593283
23278396;11643329
23297834;11613039
23313223;19126382
23298738;11638775
23262086;11590179
23279984;19125181
23261536;11589324
23261536;11589332
23260028;11607381
23260326;11606725
23260854;11592228
23261147;11586953
23261576;11587089
23279657;11583318
23280112;11643582
32463390;19135977
23262365;19132315
23261389;11589286
23278979;11644252
23279622;19126293
23280271;11609791
23298176;11606563
23298240;11612326
23298281;11612253
23298558;11629199
23299012;11599460
23313201;11612458
31229233;19130614
23280768;19119823
23260784;11592180
31210817;19129446
34024739;19138798
23262183;11588573
23261684;11590993
23279003;11621198
23279192;11643884
23279229;11605117
23279328;11605133
23279888;11583601
23280571;11622194
23280777;11615988
23297685;11606253
23297690;11613012
23297728;11629016
23298147;11606539
31307677;19128679
23260519;11620248
32728699;19137023
34031238;19138658
23260072;11607004
23260622;11592317
23260647;11619347
23260806;11592171
23261259;11588514
23261951;11590225
23278325;11643019
23313613;11612687
23313862;11604498
23314062;11636357
23314243;11636683
23297686;11606270
23298458;11599087
23298854;11621783
23313568;11612598
31856127;19132226
31821117;19131904
23314630;19134954
23262268;11592619
23260030;11607403
23260141;11607209
23260774;11587542
23260825;11593496
23261204;11587275
23261226;11587313
23278827;11634826
23279961;19120074
23280729;11583113
23297948;11612806
23262179;11588760
23262218;11592627
23259416;11618367
23260224;11619517
23261794;11592384
23279764;11643493
23279892;11629822
23280678;11582958
23314641;19119505
23260127;11607110
23279274;11635539
23280711;11583237
31898195;19132234
23313920;19128806
23260582;11587674
23278289;11643167
23278598;19125149
23278979;19119769
23279432;11635369
23279617;11621651
23280356;11609597
23314063;19124860
23314242;11636675
23297894;11612890
23298465;11612318
23298526;11605290
23261112;11593216
23280752;11615902
23260447;11620876
23261206;11591809
23261661;11588239
23278806;19127915
23279293;11579388
23298802;11599338
23298804;11638783
23261134;11587046
23298161;19118118
23262177;19117928
23260805;11592155
23260819;11593534
23261128;11613578
23261853;11582273
23278810;11618065
23279535;11643779
23280176;11609422
23298544;11629148
23298796;11599532
23299480;11614710
31200292;19130886
32208408;19134598
23260863;11593445
23279621;19120112
32767994;19137147
23297883;11612377
23260035;11607357
23260518;11620230
23261330;11613438
23261625;11593640
23279677;11643477
23280094;11644210
23298911;11637981
31494671;11587259
23280455;11609724
23260689;11619118
35461781;11638201
23262310;11592937
23261681;11591035
23261705;11590632
23278728;11634869
23278994;11605125
23279890;11583636
23280704;11583245
23314619;11614299
23297805;11629083
23298320;11598536
31965164;19133435
23314657;11614370
23260101;19124843
23260965;11613730
23261776;11593062
23297752;16354856
23298202;11613268
23298436;11612261
23298501;11612342
23261830;19139395
23262114;11593135
23262114;11593151
23260543;11619924
23278924;19125602
23279195;11644074
23279430;11635377
23280465;11609350
23314083;19119424
23314628;11614469
23298038;11628974
23280080;11643680
31973359;19130681
23260441;11620841
23262014;11591949
23278702;11634982
23297719;11613080
23299034;11637990
23299124;11599141
31248263;11596398
23260904;11596169
23278585;19134695
23259516;11618146
23279763;19138488
23260836;11593461
23260327;16354830
23260597;11593950
23261277;11589898
23261599;11591647
23278181;11643191
23278226;11642985
23279320;11621139
23298932;11638864
23298934;11638929
23299263;11614639
30961308;19129721
23261996;11592678
23260161;11607128
23261122;11590489
23261214;11591434
23261634;11588280
23278712;11635750
23298005;11606369
23278585;11635261
23259572;11618081
23261393;11589308
33877663;19138216
23262114;11593143
23260346;11607535
23260618;11593933
23262037;11589391
23280528;19131106
23280589;11621520
23314203;11636420
23297882;11612393
23299563;11614523
31248247;19135748
23260022;11607268
23298191;11613292
23262037;11589413
23260172;11620558
23260464;11620906
23260675;11619223
23261364;11594069
23262032;11589464
23313768;11604072
23298471;19124967
23298506;11612113
31156005;19133451
23261835;11582320
23260590;11619002
23279277;11635580
23298567;11629202
23298905;11638368
23299355;11614485
23313577;11612717
23298836;11638805
23298163;19135888
23314523;11614221
23260025;19120139
23260238;11619444
23260598;11593941
23260927;11596118
23278230;11643051
23278321;11634737
23279070;11621368
23279760;11629857
23280801;11621392
23313880;11604234
23297822;11612415
23298484;11612067
23261541;11589235
23262048;19128083
23260670;11619215
23261057;11584292
23261276;11591540
23279879;11583652
23280142;11622143
23280407;11609546
23299118;11638856
31320551;19127800
31200288;11635032
23278327;11643337
23261453;11587747
23261173;11591329
23260019;11607250
23261160;11592066
23261517;11588026
23278619;19122271
23279755;11616275
23280488;11609490
23313229;11612440
23313562;11612563
23260400;11620272
23261150;11587003
23261942;11593224
23278848;11634834
23278941;11635890
23279428;11635385
23314058;11636390
23298235;19125734
31258615;19133206
32011493;19133702
23261902;19135934
23259484;11618197
23262037;11589430
23260063;11607063
23260160;19133036
23260530;11620027
23261061;11584373
23261266;11591485
23261294;11593674
23261770;11589995
23261815;11589022
23278312;19118495
23279659;11583300
23314011;11598315
23314230;11636624
23314511;19129772
31827288;19131980
23260733;11596452
23262144;11613322
23260322;11606792
23260777;11587631
23260823;11586902
23261291;11593658
23278274;11642918
23279516;11616259
23279569;11616500
23279666;11616232
23279943;11616054
23298631;11629385
23298647;11629431
23299093;11638627
31500907;19126030
23262341;11588697
23314172;19137899
23262008;11590292
23278303;11635962
23279394;11635504
23279558;11584080
23280775;11615848
23313864;11604480
23297806;11612903
23261323;19135705
32408899;19135497
31321621;19129675
23280612;11609376
23260995;11619860
23278698;11634958
23279904;11616143
23280022;11584004
23280530;19122166
23297764;11612989
23260096;19126803
23260142;11607217
23313775;11604102
23298694;11638163
23314090;11598234
23278971;16354872
31774783;19138151
23261300;11591850
23260342;16394971
23260704;11596436
23261575;11587119
23279803;19122093
23314044;11598374
23314159;11636489
31487099;19128245
20742796;11592732
23299077;11598714
31500978;19129969
23260417;11620744
23261187;11591264
23261714;11590586
23261972;11590357
23279152;11605494
31869116;19132170
23299178;11599257
23262380;11591094
23260195;11620671
23260516;11620086
23261315;11613543
23261753;19118207
23278244;11636110
23279177;11605435
23279694;11582524
23279878;11583644
23314059;11636381
23297949;11612849
23262045;19126536
36198749;11588000
23260635;11619371
23278968;11579370
23280030;11583946
23313612;11612601
23297737;11606628
23298393;11605249
32336326;19135004
23298591;11629237
23313202;11612474
23297873;11606580
31740277;11584047
23262373;11609309
23261458;11586864
23261758;11582478
23298254;11594093
32279437;11616151
23313257;11612580
31462220;19131866
23259599;11618154
23260403;11620302
23278493;19124592
23280794;11621457
23298292;11594077
23298341;19131645
23298995;11621937
23313544;11612768
23262360;11588735
23260399;11620337
23260821;11593518
23261263;11589855
23261837;11582346
23261889;11582141
23278788;11635130
23278929;11634842
23279770;11583709
23313769;11604099
23314221;11636608
23298602;11606237
32029440;19133958
23260949;11613845
23260385;11620507
23262148;11582010
23262346;11592660
23260629;11587445
23261398;11590039
23261960;11590233
23279614;11621678
23298010;11606598
23298427;11630065
23298783;11638139
23298861;11621759
23298728;19135101
23298547;11629164
23314632;11614442
23262110;11592783
23262098;11591957
23262317;11592848
23260343;11606849
23261842;19119408
23261967;11590284
23278624;11635849
23278788;19132218
23279532;11643388
23279886;11582966
23298821;11621813
23299048;11599389
23280651;11622135
23261154;11592520
23261509;11587950
34555732;19139131
23298300;11612091
23262133;11591043
23262236;19127958
23259631;11618324
23260199;11620701
23260685;11619142
23261127;11587062
23261356;11613357
23261506;11588166
23261696;11590756
23261723;11589367
23261838;19134474
23261961;11590241
23278119;11634761
23279084;11621295
23279129;11644007
23279179;11579442
23279346;11617867
23279490;11621686
23279718;11621619
23298256;11598838
23298482;11629369
31760163;19131769
34927756;19139476
23260512;19139794
23259764;11617743
23261244;11592104
23261945;11590098
23278855;11635873
23279630;11582516
23299023;11638619
23262194;11588786
23261200;11591370
23259755;11617689
23260685;11619134
23260712;11591779
23261304;11591558
23261476;11588808
23261659;11588247
23279718;16171484
23280001;11621023
31450739;19130274
32376401;19135195
23298216;19135241
23261005;11584438
23260839;11586872
23260864;11593453
23261803;11592368
23278853;19119947
23279021;11643981
23298307;11605222
23262024;11591213
23261701;11590659
23260407;11620418
23261188;11591272
23279013;11621287
23279038;11644155
23280688;11583083
23314234;11636659
23297812;11613098
23297824;11606326
23297898;11606393
23298503;11594182
23298537;11629156
23298745;11638112
23280371;11609449
23262024;11591191
23262024;11591205
23298395;19131599
23260093;11606881
23260811;11593577
23260883;11587534
23261676;11590969
23261974;11590349
23279771;11616194
23279908;11629865
23280128;11643752
23260921;11590683
32711787;19136469
23298859;11639003
23280771;11615864
23262377;11581994
23260642;11619363
23261281;11589901
23261365;11594034
23279438;19134563
23313985;11604544
23298026;11612792
23298979;11638406
31544283;19135110
23299425;11614256
23261651;11588336
23262024;11591221
23262050;19128423
23260615;11587496
23261265;11591469
23261313;11613551
23278986;11621236
23279171;11605273
23279314;19128300
23279383;11635474
23279740;11616399
23279845;11643400
23280761;11615856
23298370;11599010
23299433;11614680
23260869;11593437
23297727;19128857
23299194;11599290
31544259;19128369
32878651;19137252
23262030;11589561
23260068;11607012
23260736;11596304
23261621;11588255
23261785;11593020
23261925;11582435
23279182;11643990
23279341;11617891
23279931;11582869
23314013;11598412
23279477;11583733
23262030;11589600
23262030;11589588
23278300;11643221
23262142;11588930
23260192;19131203
23260687;11619126
23260708;11587054
23260915;19122280
23279325;11643906
23279956;11583792
23280087;11643612
23298472;11612202
23280081;11643671
31248253;19129071
23260591;19131327
32750704;19137082
23259600;11618162
23262157;11592279
23261510;11588875
23278868;11642888
23280028;11583954
23297965;11628940
23278234;11636098
34680776;19139301
23262327;19119807
23260314;11606709
23260319;11606717
23260576;11587712
23261402;11593682
23262002;16390976
23279140;11644309
23313890;11604293
23314009;11598293
23299271;19130070
23279547;19124789
23261539;11589278
33128213;19137864
23313913;11604366
23259792;11606679
23261283;11589928
23261446;11587771
23261657;11588263
23278583;11635857
23279247;11605192
23279363;11607489
23299167;19118169
32415381;11644147
23260074;11606989
23259425;11618391
23279637;11583687
33203705;19138038
23260410;11620396
23261283;19131009
23261359;11591914
23279077;11643795
23279743;11616429
23298474;11612105
32252402;19134920
23260874;11590934
23261297;11591795
23261341;11613403
23261806;19122042
23278158;11643078
23280396;11609333
23280710;11583253
23314048;11598358
23298972;11594263
23299051;11621872
23299279;11614566
23260413;19128733
23299018;11638716
23313554;11612695
31448571;11579515
23262039;16551287
23261512;11589227
23279039;11644201
23259570;11617727
23260309;11606768
23279085;19134644
23279619;11584179
23313710;11598447
23314515;11614159
23297813;11606342
23298318;11630014
23298933;11638872
31472538;19125017
23261984;11590381
31157380;19134261
23298743;11638155
23262039;19124746
34334713;19138925
23260201;11620710
23260673;11619169
23261156;11592082
23278996;11621228
23280025;11583938
23314068;11636322
23314532;11614205
23298183;11613314
23298188;11613306
23298212;11613250
31498489;11588328
23260900;11596177
23262304;11592953
23260087;11606873
23261271;11591515
23280114;11643574
23280661;11621490
23297809;11606571
23298604;11606229
23299081;11638562
23299216;11598757
31789788;19131840
32101325;11606474
23278866;11642870
34352702;19139026
23260610;11592023
23260873;11590870
23261162;11589847
23261929;11590110
23262026;11591132
23279106;11605427
23280545;11609554
23297766;11606636
23298214;11613233
23299206;11598820
23299215;11598765
23299220;11598790
23298015;11612881
23262267;11592643
23261272;11591531
23261462;11590888
23278254;11643205
23278425;11635997
23278944;11635881
23280360;11609619
23280742;16171506
23298054;16551244
23298208;11613241
23279833;11616488
23279794;11583482
23261677;11591051
23261763;11582494
23278096;11643248
23278991;11621244
23279374;11579558
23280391;11609503
23280782;11615996
32211622;19134601
23260119;11607047
23260439;11620833
23259431;11618421
23260341;11606822
23260402;11620299
23260842;11586830
23261119;11590446
23278593;11618049
23279440;11635440
23279779;11583369
23280299;11609821
23314088;19126358
23299132;11598994
31498487;11588123
23261802;11592350
23279470;11583342
23278200;11643159
23259640;11618286
23260456;19124690
23261573;11589120
23262026;11591159
23279169;11621074
23313616;11612679
23298922;11638449
23279549;11584039
23280572;11622046
23280014;11644325
23262219;11582001
23259630;11618332
23260568;19127877
23261718;11590543
23261724;11590071
23261908;11582028
23279545;11582583
23279560;11583571
23279871;11616437
23297732;11612865
23298328;19133940
23299129;11599133
32646623;19136817
34029048;19138704
36198740;11587968
23260539;11619967
23260778;11587607
23260871;11590861
23261675;11590985
23261918;19128415
23261946;11589421
23261970;11590322
23314635;11614434
23298775;11638082
23299479;11614515
23278350;11643175
23299477;11614477
31988176;19135179
32448568;19135691
32724833;19136906
31200144;19137309
23279804;19137970
23260433;11620795
23260475;11621066
23260628;11592325
23261748;11589952
23279350;19125815
23280104;11643736
23280393;11609457
23313928;11604331
23314004;11598323
23298892;11621902
23279262;19138984
23260123;11607055
23260138;11607225
23261202;11587267
23261445;11587798
23279957;11583695
23280252;11609775
23280746;11615953
23313927;11604340
23314010;11598285
23299197;11599303
32469315;11587895
34031700;19138887
23261821;11584420
34877767;11604439
23298400;11598595
23262332;11588689
23260412;11620736
23260532;11620019
23260595;11587399
23260655;11619037
23261121;11590462
23278951;19120147
23279531;19124754
23280625;11621503
23262031;11589499
23262064;11589570
23260445;11620884
23260521;11620221
23260776;11587658
23261633;11588182
23262010;11589758
23279012;11621279
23280118;11643566
23314061;11636365
23314656;11614388
23298620;11606113
31746857;19130398
23261074;11587879
23314003;19139310
23298996;11599419
23260771;11587488
23260935;11596126
23261273;11589871
23261707;11590624
23261751;11588956
23278626;11617972
23279385;11579574
23279874;11616291
23280403;11609767
23299151;11598943
31317914;19130525
31634515;19131157
23299322;19134334
33123674;19137767
23280003;11621031
23260058;11607101
23260151;11607195
23260153;11607179
23260773;11587577
23261779;11593046
23278592;11618057
23280724;11583156
23314085;11636314
23298372;11612024
31229227;19128768
23260130;11607241
23261079;11588085
23261363;11594042
23278085;11643124
23278998;11621252
23279334;11617832
23297887;11629091
23298227;11598544
23299264;11614612
32415682;11629296
23261979;19123626
23260550;11619908
23260755;19126510
23260756;19132358
23261722;11590055
23261784;11593763
23279183;11621309
23279367;11635482
23279774;11616186
23313919;11604196
31449126;19129888
23298237;19128431
32965641;19137554
23298410;11605206
23260054;11607144
23261216;11593402
23261704;11590667
23261711;11590772
23261894;11582168
23262028;11589456
23279272;11621333
23279380;11635466
23299232;11599427
31649413;19131262
23279671;11616542
23262057;11589103
23260240;11619428
23261172;11591752
23261966;11590276
23278769;11635245
23280527;11609392
23314266;11636772
23299137;11598978
31716945;19131491
32412514;19135411
23313698;19138267
23279940;11583768
23280759;11615872
23260856;11592198
23260923;11596215
23261099;11593330
23261774;11593712
23262028;16563030
23279344;11617883
23279996;11583407
23297765;16171298
23259424;11618375
23260384;11620531
23261268;11591493
23278678;11617999
23279344;11617875
23279967;11583288
23298373;16391204
23298571;11629253
23298668;11599354
31743810;19131564
23298849;19138402
23297684;11606261
23260208;11620981
23262159;11584187
23260892;11596193
23261256;11588549
23262020;11591183
23313722;11598463
23314225;11636616
23298529;11605303
31478946;19131254
23298265;11612121
23262113;11592724
23262506;11588522
23260600;11593895
23261778;11593054
23262028;16391034
23278837;11635938
23279035;19119882
23279518;11616267
23280240;11621481
23313596;11612644
23314183;11636543
23298551;11629172
23298942;11638236
23299187;11599281
30613161;19127966
31480213;19129730
23279001;11644104
23261808;19128725
23261237;11588948
23261361;11593879
23262028;16563048
23278975;19118134
23279915;11582656
23280684;11583067
23297995;11613144
23280587;11609686
32869932;19137236
34000944;11584241
23261700;11590527
23260191;11620639
23261982;11589731
23278665;11635016
23279146;11621384
23279626;11616062
23280386;11609759
23279952;11615961
23279768;11583784
23261589;11587151
23314627;11614329
31461176;19137597
23314497;11614094
23260228;11619487
23260797;11586937
23278120;11635946
23278989;11605397
23279538;11582982
23279976;11615970
23280040;11644317
23314002;11598404
23314522;19129659
23297818;11612482
23297934;19129136
23298916;11638686
32161347;19134423
23261987;11589685
23279158;11605320
23279244;11644198
23280296;11609643
23298726;11638333
23299181;11599451
23299221;11598781
31311872;19129748
31779065;19131807
23279809;19135080
23279899;19135616
23262089;11590128
33118876;19137759
23262344;11588727
23259754;11617697
23261091;11593364
23261165;11589863
23261839;11582338
23279002;19131521
23279098;11621376
23314143;11638228
23314495;11614060
23297688;11606385
23298315;11612130
23279235;19135837
23313916;11604200
31258245;19128601
23261699;11590578
23278228;11636101
23261505;11591744
23261791;11593798
23280443;11609414
23297871;11612873
32692747;19136949
34977740;19139492
23278883;16343820
23260179;11607519
23260425;11620922
23260509;11620205
23260627;11592341
23260665;11619240
23261103;19134679
23261275;11591523
23261792;11593771
23278693;11635008
23313765;11612300
23314275;11636748
23298012;11628966
23299060;11638287
23260663;11619266
23260386;11620485
23279015;11629962
23260649;11619088
23278605;11634907
23262324;11588638
23260678;11619207
23261489;11588859
23279080;11643817
23279411;11635415
23279462;11635628
23279556;11583814
23279738;11583440
23280117;11643540
23280140;11599583
23280184;11609848
23313556;11612555
23279685;11616534
32506656;19136078
30796962;11589626
31200258;11599567
23260051;11619576
23261070;11587917
23261550;11589090
23261790;11593810
23313780;11604161
31498206;19130029
23280136;11583008
31885273;19130266
23280300;11609830
23260857;19134156
23261011;11613675
23261302;11591892
23261795;11592376
23279720;11582770
23280380;11609589
23313581;11612709
31487107;19129497
23279046;11629989
23299043;11638023
31661470;19135675
23298577;19138275
23298762;19138399
23260434;11620809
23261073;11587909
23261620;11588212
23261658;11588271
23261878;11582079
23278291;11634745
23314513;11614167
23314621;11614302
23297988;11612822
23298027;11612784
23299226;11599311
23299736;11614248
31828139;19130304
34803755;11596410
23262282;11592872
23260060;11607071
23260852;11592201
23261843;19123235
23279231;11579540
23279587;11584128
23279990;11616178
23298003;11629059
23260560;11620990
23260718;11596401
23261105;19134407
23261148;11592546
23261331;11613497
23279499;11616330
23314007;11598307
23314050;11598340
23298753;11638821
23299161;11599184
23299180;11599249
23313332;11604056
23261805;19130169
23260788;11592147
23261131;11613586
23279606;11582818
23279786;11616003
23298837;11638660
23298924;11638414
23260325;11606733
32417537;19138259
23262198;19129411
23260612;11587453
23261082;11593321
23261372;11593852
23261954;11589545
23278980;11621210
23314685;11614345
23298390;11612156
31272048;19126374
32007444;19133494
20742798;11592716
23298239;11594115
31743875;19130240
23260258;11619398
23260477;11621058
23260772;11587526
23261249;11592058
23261531;11588395
23278235;11636080
23278610;11635822
23278970;11644180
23297944;11612920
23298391;11612148
31317862;19129489
23298258;11612288
23262047;19128075
23262497;11593615
23260763;11620183
23261781;11593828
23261880;11582087
23279357;11635121
23279936;11583555
23280588;11609678
23280770;11615830
23299020;11637973
31321632;11612504
23279480;11583334
32245555;19134784
23259596;11618138
31462225;19137619
23260369;11620388
23260744;11596266
23261047;19125114
23261114;11590373
23261756;11582451
23278799;11635288
23279603;11643442
23280518;11609660
23313990;11604552
23314043;11598382
23298999;11638171
31200304;19128717
31724964;19130622
23259952;19118282
23261110;19119530
23261269;11591507
23261773;11588964
23278689;11635792
23280755;11615929
23313887;11604277
23262087;19123227
23280063;11583849
23299241;11598919
23278566;11635814
23261260;11589812
23260221;11619533
23261479;11588794
23261904;11582044
23279166;11621350
23280006;11583890
23313770;11604064
23298466;11612296
31502013;11621180
31746849;19130509
32348442;19135136
33970740;19138453
23260168;11620582
23260337;11606857
23260354;19130053
23261338;11613446
23278131;11642926
23278938;11635911
23278984;11579361
23279316;11643957
23279640;16400637
23279736;19129128
23297909;11613195
31983688;19133265
32039363;19133915
23262087;11590195
33162643;11638511
23261320;11613535
23278755;19128890
23280451;11622186
23298481;19122158
23260220;11619550
23279723;11582800
23261260;11591973
23262411;11592414
23260693;11619096
23261962;11590250
23280016;11583903
23314038;11594310
23280116;11643531
23280144;19133273
23298296;11598587
23261450;11587755
23261635;19125947
23278865;11642896
23278893;11642799
23279972;11582621
23297905;11613071
31229165;19120970
23279634;11582591
23262087;11590209
23262087;11590217
23260999;11613594
23279699;11616127
23259769;11617760
23260611;11591981
23260613;11587470
23261788;11593747
23261893;11582184
23278773;11635105
23279705;11584063
23279737;11583377
23280453;11609481
23280558;11622011
23298791;11621953
23299472;11614582
23260330;11606750
23261260;11589839
23259637;11618294
23278103;11643060
23278679;19126099
23279079;11643809
23279215;11643892
23279568;11616496
23280132;11643787
23298378;11594239
23298955;11599575
23279578;19135667
23298920;11638422
34049729;19138755
23259782;11619592
23259840;11617816
23260916;11596142
23261301;11591876
23279593;11643396
23279687;11629920
23279747;11616135
23261023;19136086
23279162;11605486
33875664;19138194
32591847;19136361
23298678;11638503
23259780;11607373
23260253;11619410
23279722;11582796
23280789;11621465
23314147;19129900
23314616;11614272
23298167;11606555
23299002;11621775
23299488;11614264
23299185;19137244
23259839;11607411
23260391;11620442
23313869;11598498
23298056;11628958
23298579;11629288
23262160;11582397
23260556;11619886
23261217;11591442
23261807;19130100
23280131;19128202
23313976;11604501
23298617;11606121
23298757;11598650
32880739;19137350
31229208;19130797
23259761;11617719
23260968;11620051
23261825;19122123
23278635;11635733
23278851;11642837
23279125;11644031
23279664;11616119
23313847;11604463
23314055;11598366
23313555;11612547
31208741;19128547
31651687;19131289
32407450;19135420
34469712;11598269
23260014;11607292
23260158;19122140
23260567;11584209
23260620;11592333
23260690;11619100
23261380;11587321
23261844;11582419
23279559;11584012
23279655;11584101
23280397;11609341
23298045;11606601
23299021;11638597
23261809;19139450
23260861;11619045
23260049;11619568
23260166;11620566
23260581;11587666
23261232;11591884
23261245;11592074
23261366;11590012
23279452;11635598
23279697;11582729
23298830;11621830
23262269;11588620
31494613;11586899
23262495;11593992
23259568;11618022
23260657;19131742
23261195;11587216
23262004;16403806
23279665;11616224
23298872;19129853
23260957;11613772
23279478;11583741
23279969;11583296
23262510;11588557
23259495;11617654
23261055;11584365
23261161;11592503
23261312;11613560
23261490;11588867
23261710;11590594
23278824;11634818
23279519;11583423
23279732;11616569
23279839;11582923
23314538;11636799
23298236;11629318
31208728;19128407
23260707;11596444
32560735;19136264
23298675;11638457
23259950;11596312
23278097;11643256
23261998;11593127
23261709;11590616
23279163;11605460
23279802;11616313
23314081;11598242
23314665;11614361
23298203;11613276
23298597;11606202
23298817;11638007
23298926;11594271
23313222;11612466
31273564;11604510
32918657;19137490
33022104;19137643
23262093;11590144
23260193;11620647
23261454;11588824
23279368;11635458
23297711;11606075
23298702;11638520
23299174;11599265
32062422;11620094
23260234;11619525
23260352;11596371
23261998;11593089
23261998;11593119
23259841;19133192
23261692;11590977
23278265;11643116
23279355;11635113
23313782;11604153
23298275;11594107
23298339;19134857
35021766;19139441
23262505;11593607
23260396;11620779
23260580;11587682
23261468;11590748
23278577;11635172
23279065;11621201
23279894;11582605
23280749;11615945
31321611;19129519
32507594;19136027
23279823;11643485
23262281;19126323
23259415;11618359
23259495;19132072
23260237;11619479
23260754;11596223
23261368;11592562
23278809;11618073
23278931;11618227
23279780;19122301
23313883;11604269
23297981;11613047
23299004;11599508
23313550;11612741
31675969;19135594
23261254;11587208
23278212;11636063
23279443;11635512
23280559;11622020
23314201;11636446
31268933;19125335
23299235;11599397
23280498;11609473
31885271;19130134
23260023;11607276
23261051;19139573
23261100;11593291
23262068;11589049
23260376;11620515
23261021;11584217
23261207;11591825
23261631;11589944
23261895;11582176
23279815;11582834
23297960;11629415
23313422;11612725
23261501;19135721
23262068;11589553
23262512;11609368
23259739;11617735
23278213;11634753
23278238;11643108
23279710;19130851
23280682;11583059
23314281;11636730
23297708;11606296
23297896;11612385
23298621;19118045
23298758;11599559
23279248;11643833
23298221;11599095
34039723;19138739
23260932;11596096
23278631;11617948
23278704;11635237
23279255;11644040
23279746;11629873
23280109;11643647
23297937;11629105
23261664;11588174
35813846;19139778
23262400;11592449
23259634;11618308
23260809;19117952
23298285;11612245
23298595;11629407
23261662;11588204
23261465;19129705
23261537;11589316
23279939;11583750
23297767;11612776
23298151;16171280
23313230;11612431
23297915;19128652
23280772;19125572
20742794;11592708
23259429;11618413
23260715;11596428
23260908;11596134
23261812;11592813
23262025;11589472
23278328;11643345
23279115;11621082
23280119;11643558
23313857;11611982
23299213;11598773
31865120;19132102
23262068;11589537
23260958;11613756
23261213;11591426
23261581;11587097
23261593;11591671
23261747;11589987
23279094;11621104
23280526;11609384
23298611;11606148
32412499;19135438
23279424;11635326
23260406;11620434
23261717;11590560
23278236;11636071
23279057;11605389
23279829;11621635
23280676;11583016
23313607;11612610
23298284;11598862
23298387;11630006
32631724;19136493
23278640;11635059
23297979;19132056
23260374;11620353
23260786;11592163
23261395;11588034
23261741;11593178
23261901;11582427
23297943;19127931
23298767;11638546
23298589;19130649
23279546;16354902
23261636;11588301
23313599;11612652
23260534;11619983
23262330;11588662
23260232;11619452
23260557;11621015
23260929;16390950
23279533;19119904
23279932;11583628
23280568;11609635
23298283;11629326
31320818;11590675
23298907;11638384
35490750;19139697
23260659;11619282
23261176;11591787
23278384;11642977
23278729;11635075
23298659;11606083
23298712;11638961
23298842;11599443
31928546;19132455
23314021;11594298
23298769;11638643
23260091;16171450
23260102;11606938
23261483;11588883
23261607;11591612
23278644;11618014
23279211;11579396
23279260;11579434
23279329;19124649
23314637;11614418
23297723;11606300
23299657;11621945
23260471;11620892
23260751;19118053
23261049;11584349
23261726;11589383
23279342;11617905
23279425;11635393
23280135;11616011
23313895;11604307
23314136;11638066
23314173;11636535
23298366;11599001
23298476;11606091
23298950;11638252
23299064;11621821
23299096;11638732
23262459;11591965
23262492;11593968
23261322;11613527
23279280;11579426
23279284;11644228
23279595;11616283
23298360;11594166
23298692;11638058
23298744;11638074
23298853;11621791
23299173;19127842
23260584;11587623
23298362;11629334
23260896;11596185
31578834;19130878
23279973;11582630
23261866;11582052
23259642;11618278
23260639;11619380
23261854;11582290
23278879;11642845
23279134;11605087
23298605;11606199
23299136;11598986
31368490;11635652
31711436;19131475
23279511;11583466
23262280;11588743
23260355;11596347
23260830;19119513
23261203;11591396
23261726;11589405
23278658;11635806
23279096;11643876
23279349;19127249
23279714;11629881
23314079;19125289
23299142;11598960
23299228;11599435
23278890;19137694
23299172;11599206
35145755;19139565
23260186;11620612
23260316;11606695
23261036;11584276
23278174;11643183
23279502;11621716
23280721;11583172
23314144;11638210
23299218;11598803
23299272;19130592
23262389;11591116
33648724;19138089
23260170;11607527
23261941;11593232
23314667;11614353
23298864;11598676
31637755;19131238
23261233;11593836
23262137;11592473
23261397;11590004
23279401;11635300
23280002;11621040
23314065;11594328
23298340;11594247
23299112;11598749
23299120;11599494
23299162;11599176
31668428;19131386
23260210;11620973
32786650;19137368
23260767;11620191
23278281;11636004
23279007;11635679
23279278;19126447
23298325;19130339
23280798;11621414
33939143;11588565
23262137;11592481
23260256;11619401
23260308;19124827
23261499;11591728
23279901;11584110
23298272;11598633
23298703;11638538
23298857;11598625
31248265;19128873
31473660;11599591
32498615;19136256
23262137;11592457
23262137;11592490
35456757;19139646
23259789;11606644
23260324;19120082
23261735;11593160
23279343;16354805
23314155;11636462
23314509;11614124
23298983;11638350
31635013;19131173
23261463;11590829
23278637;11617956
23278891;11642772
23279009;11579469
23280357;11609562
23280725;11583130
23298681;11638465
23261988;11589669
23262137;11592422
34006191;19138615
23260389;11620477
23261267;11591477
23261324;19124924
23279243;11644171
23279573;11582664
23279647;11583539
23279992;11616321
23280021;11583920
23313723;11598501
23297863;11612938
31461171;19137112
23262137;11592465
35191794;19139484
23260409;11620400
23261745;11592554
23314153;11636454
23297924;11612857
31498194;19126498
31616011;19130983
23279893;11582613
23260585;11587640
23279762;11629849
23259842;11607446
23260985;11613713
23261142;11589774
23261190;11591345
23278294;11642900
23279041;11621163
23280088;11643663
31845190;11614728
23262074;11589782
32415530;19138020
30226994;19125840
23261138;11590420
23314163;11636519
23259786;11619606
23260824;11593470
23260845;19125076
23261236;11587330
23261886;11582117
23279861;11616518
23298280;11612237
23298679;11638481
23299183;11599273
31268897;11606962
23261911;11582036
30226994;19125866
23261834;11582311
23279269;11643868
32329966;19134989
23262074;11589740
32310303;19137961
23260125;11607098
23260781;11587585
23260997;11620060
23278415;11635989
23279466;11635644
23279479;11583725
23279483;11583326
23280207;11621562
23280387;11609732
23280680;11583032
23314208;11636411
23298724;11638325
23298788;11599516
23298948;11638279
23262074;11589723
23262074;11589766
23313188;11612512
30226994;19125874
33917727;19138330
23260517;11620264
23261107;11593275
23261931;11590080
23278138;11643043
23279308;11605141
23280088;19131823
23314214;11636586
23298994;11621899
23299612;11621970
31494617;19125670
30226994;19125831
30226994;19125858
23260669;11619231
23261230;11593844
23261351;11613373
23261388;11592589
23261793;11592392
23278697;11634885
23279191;11635725
23313980;11604528
23314313;11636705
23314512;11614175
23261612;11591604
23262074;11589707
23299029;11638902
23259791;11606652
23260426;11621155
23260740;11596380
23261094;11593356
23261118;11590438
23261789;11593011
23280637;11622038
23313701;11598439
23297747;19129829
23298022;11612962
31632005;19131122
30226994;19125882
35034798;11587127
23260435;11620817
23280046;11644287
23313898;11604382
23298064;11613179
23298419;19127826
23298448;19124878
32173334;19134628
32310305;19137953
33116011;19137708
34343704;19138933
34006872;19138607
23297761;11613055
23260872;11590845
23261052;19129870
23261088;11596061
23261186;11587194
23279629;11582508
23279806;16391018
23280624;11621511
23314273;11636756
31790955;11588379
23260420;11620949
23261729;11590047
23261764;11588972
23298154;11606466
31730019;19130541
31229231;19135519
23279311;19137376
23259781;11619584
23260745;11596274
23261101;11593313
23278655;11634931
23280231;11609627
23280622;11622127
23314082;19125297
23298291;11630049
23298377;11598617
23298412;11594131
31311866;11619541
23260259;19136370
23279633;16391212
32415542;19138054
23262323;11581978
23262291;11592902
23260549;11619916
23261012;11613632
23261033;11584284
23261375;11587356
23261757;11582460
23278963;11605168
23280103;11643710
23280235;11622097
23297673;11606431
23298142;11606504
23298279;11612164
23298344;11599052
23299087;11637965
23260800;11592139
23298150;19138500
23279964;11643426
23262156;11591078
23259775;11617794
23260405;11620426
23260729;11596487
23261487;11588832
23261744;11593194
23278798;19125203
23297892;11629113
23298141;11606482
31576692;19130746
31828137;19129624
23260094;11606911
23278358;11642942
23279268;11643841
23279604;11582699
23280734;11583091
23314533;11614078
23314661;19128008
32182351;19134466
23261975;11590314
23261394;11587933
34826745;11612407
23260032;11607390
23260059;11607080
23278955;11621171
23298332;11598552
23298452;11612172
23298489;11594204
23298513;11594174
23299242;11598927
23260731;11596479
23261001;11613616
23261053;11584357
23261218;11587283
23261994;11592694
23278664;19122255
23280577;11622003
23313873;11604412
23298850;11638104
31467131;11636527
23261586;11587135
23260307;11619304
23260799;16171522
23261152;11587011
23261577;11589111
23278348;11642969
23280404;11609538
23313930;11604218
23299054;11638317
23261069;11588107
23262171;11593097
23262504;11593585
23260080;11606920
23260947;11613853
23261137;11587020
23261592;11591680
23280665;11609406
23299201;11598854
32589630;19136353
23278787;11635164
23261740;11594018
23261983;19120244
23278189;11643353
23313878;11604170
23314052;11598331
23298618;11606105
23280702;11583229
23314210;11636837
23262311;11592821
23259811;11607462
23261209;11591388
23261855;11582281
23279149;19128911
23313680;11598455
23298752;11638813
23298790;11621961
23298845;11598722
23262033;11591256
23279605;11582826
23261968;11590306
23298584;11629270
23262034;11591248
23259593;11618111
23261507;11587984
23261515;11588093
23261515;11588115
23278942;11635903
23279354;11617921
23279461;11635636
23279610;11582893
23279965;11643418
23298266;19124665
23298737;11638767
23261548;11589162
23260974;19138992
23262034;11591230
23260182;11620604
23260626;11587429
23261507;11588018
23278967;11579507
23278974;11644112
23279147;11605419
23279239;11644023
23279250;11629954
23279567;11616470
23279717;11621627
23280695;11583164
23313601;11612628
23314134;11638198
23314653;11614396
23297704;11606377
31743867;19130207
23279900;11616453
23260714;19135969
23298250;11629997
23299199;11599125
23260196;11620680
23279201;11635610
23279577;19124703
23280234;11622062
32357971;19135217
31659022;19131319
23280314;11621546
23262171;11592406
23260527;11620035
34376769;19138976
23260368;11620493
23260884;11587518
23278116;11636128
23278224;11643272
23314636;11614426
23298322;11594123
23298671;11599346
31248210;19126021
23280139;11582940
23260358;11596339
23298832;11621856
23262062;11589618
23259751;11607349
23261516;11588042
23261547;11589154
23278169;11636039
23279507;11643825
23298877;11638040
23313418;11612733
34042700;19138747
23261220;11591418
23261594;11591701
23261973;11590365
23278361;11634770
23279598;11643523
23279696;11582702
31158992;19128385
23262372;11609317
23260750;11596231
23261335;11613454
23261857;11582222
23278402;11643299
23279286;11579400
23279974;11582648
23280567;16551279
23280070;11644279
23298985;11638708
23298700;11638899
23299000;11621767
23262288;11592899
23279246;11635695
23279488;11621694
23313660;11598510
23314188;11636551
23299147;11598951
23299431;11614574
23313187;11612539
23313564;11612571
31208465;19128334
23279669;11629903
23260868;11590896
23280692;11583121
23298273;11598641
23298653;11629440
23298871;11638635
32692711;19136922
23259594;11618120
23259821;11607306
23260227;11619495
23261133;11587038
23261178;11591302
23261414;11587836
23261598;11591710
23314236;11636632
23298389;11599036
23298723;11638830
23299290;11614540
32415684;19138046
34070715;19138828
23260841;11586856
23261516;11588077
23261652;11588352
23279258;11643973
23279807;19128849
23299293;11614558
31593683;19133150
32115655;19134270
23299169;11599214
23260209;19135802
23260807;11593569
23279611;11582974
23280011;11583881
23280085;11643639
23299251;11638147
23297670;11612997
23299321;11614647
23262488;11592287
23260156;11607187
23278617;19124932
23279220;11644058
23280057;11583865
23314614;11614213
23279005;11635687
31629417;19131084
23280669;11609783
34534715;19139077
23260832;11592236
23260867;11590837
23261570;11589146
23261887;11582125
23279455;11635601
23279926;11616402
23297939;11606318
23298496;11612032
23299107;11638945
31900472;19132269
23298643;19135942
23261000;11613608
23259845;11607438
23261588;11587143
23279045;19119858
23279298;11635717
23279451;11635270
23279563;11583547
23279775;11583580
23279842;11582877
23279854;11582532
23279929;11582915
23280766;16391026
23313713;11598471
23313908;11604323
23298271;19119459
31218430;19118347
23314187;11636560
23262111;11592791
34054759;19138852
23261298;11591817
23313785;11604145
23298987;11638724
31502047;19125939
32415546;19130193
23280182;11609856
23261025;11584233
23261411;11588468
23279555;11583806
23298157;11606458
23259574;11618103
23279651;16391077
23299481;11614701
23262383;11591108
23260305;11619312
23260535;11619975
23278843;11635920
23279951;11584098
23280239;11622151
23280251;19134750
23298435;11612270
23299128;11599150
23313253;11612423
23260644;11619339
23260964;11613721
23261158;11592511
23261253;11588913
23261590;11587160
23279193;11643914
23280203;11622208
23298533;19124762
32667638;19136825
35211764;19139816
23260086;11606890
23260344;11606865
23260461;11620914
23260577;11587704
23261630;11588999
23261953;11590063
23313848;11604471
23299210;19129110
23299239;19131092
31716926;11589693
32428220;19137031
23262195;11592864
23260570;11619932
23260941;11613870
23261229;11593399
23279540;11583431
23279608;11582842
23280049;11583962
23280277;11622160
23298046;11629121
23298302;11598579
23298416;11629342
23298655;11629458
31462228;19129837
23260553;11619894
23280090;11644236
23260501;11620345
23261153;11592538
23261212;11591841
23261287;11588484
23278178;11643264
23278602;11635067
23279379;11579531
23297814;11606334
23298774;19119777
23299308;11638589
23299434;11614671
23262112;11592767
32416122;19137856
33107982;19137660
23279835;11599605
23260616;11587500
23279399;11635431
23314308;11636691
23298368;11629377
23299045;11638791
23262112;11592759
31656196;19131297
23298502;11612369
23278330;11636136
23261163;11589804
23279789;11583393
23260097;11606946
23260604;11587372
23261124;11590497
23278204;11643035
23278735;11635253
23298388;11599028
23298873;11599362
23299106;11638309
23299606;11621996
23260133;11607233
23260607;11591990
23261140;11590403
23279636;11583717
23279813;11582354
23314241;11636667
23298231;11629300
31474224;19125700
31576484;19130789
32393307;19135284
32454717;11622054
23261500;11591736
23298906;19126544
32883406;19137937
23262060;11589081
23260878;11590799
23261092;11592988
23261665;11588158
23298797;11599524
23298929;11638694
23298941;19124886
31269378;19127770
23279960;19125025
35679750;19139859
23260664;11619258
23261367;11593887
23261755;11582443
23261797;11593755
23278878;11642802
23279735;11629938
23279787;16394998
23298218;19130355
23298353;11630057
23299562;11614531
31832232;19132005
23298055;16551252
23280597;11609716
23260827;11593500
23278343;11643086
31774785;19137481
23279100;11635571
23259768;11617778
23261373;11594026
23279010;11579477
23298171;11606440
23262022;11589502
31597948;11586961
32083569;19134091
23262309;11592961
23260082;11606903
23260972;11620078
23261285;11589936
23261801;11593739
23261876;11582109
23279496;11616046
23279649;11583512
23279791;11583385
23298241;11612334
23298514;11594158
23298750;11638988
23298977;11638392
31744675;11604455
23279512;11583261
23262061;11589065
23262316;11592830
23260894;11596207
23261466;11590900
23261818;11584411
23279404;11635318
23297856;11613187
23299737;19118266
23261766;11589006
23298445;11612075
23259575;11618090
23261813;11589014
23278716;11635229
23278763;11634974
23279359;11617913
23298037;11628982
23298615;11606130
23298433;11594085
32582566;19136337
23261019;11613667
33120643;19137716
23262397;16343897
23261342;11613390
23278791;11635768
23279271;11621325
23279962;19122247
23314682;11614337
23297705;11612911
32045339;19133982
32056339;19134016
23261846;11582265
33906734;19138313
23278829;11634800
23262176;11592651
23260954;11613829
23261177;11591337
23278262;11643230
23298261;19131882
23298524;11598528
32213716;19134636
23262022;11591167
23261520;11587941
23260111;11606997
23260398;11620329
23260876;11590926
23261222;11587305
23261228;11593429
23261610;11591655
23279389;11579582
23313786;11604137
23313860;11612016
23297850;11613128
23298336;11598609
23299047;19125238
31248335;11606512
31219052;11619061
23298044;11606610
23279417;11635407
23262221;19117936
23260470;19126153
23260605;11587437
23261469;11590721
23261503;11588140
23279402;19130690
23279828;11621643
23313884;11604285
23297852;11613101
23297877;11629032
23298991;11638759
32413311;19138437
23262022;11591175
23260875;11590918
23261043;11584322
23261444;11587780
23261543;11591574
23261761;11582486
23261965;11590268
23298371;19127885
23299541;11614655
23314185;11636578
23298779;11638996
23262038;19124738
23261848;11582257
23262003;19129918
23314014;11604579
23298324;16394980
32378428;19135276
23279072;11605362
23279985;11583474
23260680;11619193
23260448;11620868
23260887;11586945
23260981;11613683
23279004;19131424
23279071;11621341
23297777;11612954
23298193;11613284
23298710;11638554
23313914;11604188
34037732;19138712
23260961;11613764
23262009;11589715
23279434;11635334
23279485;11616208
23279623;11583598
23298624;11629393
31859097;19132099
31865102;11607454
32029740;19126692
33118874;19137732
23262362;11588719
23262489;11593976
23261031;11584306
23279025;11605346
23279154;16551333
23279843;11582753
23280756;11615899
32485580;19136043
23297803;19129942
23262385;11588590
23260640;11619355
23261042;16394963
23261208;11591400
23261882;11582095
23278144;11642993
23278695;11635741
23298820;11621805
23262038;11589375
23261198;11587232
23262006;19129926
23313852;11612008
23314060;11636373
23299508;11614698
23260176;11607497
23261386;11591922
23260817;11593526
23261289;11588506
23261471;11590705
23279708;11616097
23298376;19118088
31200298;19132307
23261250;11588905
23279336;11617859
23299157;11599168
23259825;11607314
23278766;11635776
23279758;11584071
23279933;11583610
23280713;11583202
23314066;11636349
23261041;11584250
23278880;19136914
23299190;16343919
23260012;11607284
23260053;11607152
23260847;11593488
23261255;11587224
23261591;11591698
23279033;11644066
23280108;11643701
23299176;11599222
23260164;11607136
23260529;16400645
23261184;11587186
23261357;11613365
23261567;11589359
23278671;11617964
23279267;11643850
23279853;11582559
31885290;19130436
32726890;19137414
31739695;11588603
23262500;11593623
23261126;11590519
23261183;11591299
23262001;11592686
23278185;11635954
23279121;11605311
23262109;11592775
23261540;11589251
23278222;19139093
23261698;11590551
23278645;11617930
23280677;11583024
23314284;11636721
23314505;11614116
23298299;11612199
23299072;11598935
31208713;19123294
31268944;19128610
23279586;11584144
23261071;11587925
23262499;11593593
23279290;11643965
23279530;16354953
23280389;11609520
23314177;11636829
23297715;11613063
23297886;11606288
23298960;11599478
23299353;19128326
31900932;19132285
23262391;11591124
23262082;11589529
23262326;11588751
23262493;11593984
23260320;11606784
23261497;11589260
23261827;11584390
23279337;19131483
23278700;19118690
23280312;11609694
23261549;11589189
23279597;19139212
23259772;11607420
23260336;11606814
23260625;11592309
23279390;11579604
23280269;11609805
23313598;11612636
23314076;11598200
23298411;16391131
23299044;11638031
31900130;19132404
23280705;11583199
23280194;11621554
23260956;11613802
23261193;11591353
23261328;11613462
23261467;11590764
23279068;19126277
23279241;11635555
23279303;11605443
23313866;11604447
23314645;11614400
23298463;11594212
23299205;19125327
23299237;11599320
23259644;11618260
23260507;11620124
23260699;11619029
23261104;11593267
23261168;11589880
23279027;11605354
23279176;11605478
23280449;11622178
23314508;11614132
23298637;19130126
23298748;11598706
23261695;11589057
23262329;19125343
23261533;11588344
23279161;11644139
23279544;11582567
23279644;11621589
23299013;19128946
32412354;11620825
23260115;11607039
23278745;11634877
23297675;11606423
34063745;19138801
23262502;11593631
23260194;11620655
23260226;11619509
23261829;11584381
23278157;11643094
23279885;11582907
23262254;11588611
23262490;11591566
23260397;11620752
23260506;11620132
23260779;11620159
23260975;11613691
23261116;11590390
23261413;11587852
23278643;11618006
23314077;11598218
23314526;11614183
23297840;11613136
23298460;11612229
23298874;11598692
23280301;19139034
23262083;11589448
23260603;11587402
23260662;11619274
23260816;11593542
23260877;11590942
23261120;11590454
23279631;19126366
23279922;11616216
23298068;11613152
23298498;19125068
23298638;11629423
23298958;11638295
23280301;11609813
23260630;11587461
23261346;11613381
23261457;11586848
23261782;11593801
23261898;11582206
23279184;19126056
23280073;11644244
23280274;11622119
23280784;19120988
23314131;11638180
23298518;11630022
31448579;11579418
32253303;19134849
23260446;19135993
34378772;19138941
23260510;11620116
23260623;11593917
23261339;11613411
23261555;11589197
23261850;19125386
23261989;11589634
23278127;11643213
23298607;11606156
23299209;11598811
23262094;11590152
31739689;19131530
23261508;11587976
23261508;11587992
23261695;11589073
