32;23262323;243,21975; ;11581978;1;11581978
30;23262321;125,0343772; ;0;0;11581978
29;23262322;214,8748; ;0;0;11581978
38;23262377;208,6519471; ;11581994;1;11581994
39;23262378;188,5528533; ;0;0;11581994
313;23262148;5721,4008; ;11582010;1;11582010
41;0;254,0103008; ;0;0;11582028
42;0;208,1770804; ;0;0;11582028
43;0;103,6138152; ;11582028;0;11582028
44;23261911;422,416; ;11582036;1;11582036
331;23261910;196,7767077; ;0;0;11582036
342;23261904;194,4422798; ;11582044;1;11582044
343;23261905;226,8455463; ;0;0;11582044
341;23261906;54,53910899; ;0;0;11582044
340;23261907;72,86642463; ;0;0;11582044
346;23261866;293,8486; ;11582052;1;11582052
344;23261865;287,3819; ;0;0;11582052
347;23261867;156,2828331; ;0;0;11582052
345;31261786;60,38306289; ;0;0;11582052
334;23261878;151,75375; ;11582079;1;11582079
319;23261880;122,00395; ;11582087;1;11582087
320;23261881;22,6597; ;0;0;11582087
318;23261882;165,9227; ;11582095;1;11582095
333;23261883;21,598; ;0;0;11582095
337;23261876;137,8922; ;11582109;1;11582109
338;31970152;54,8634; ;0;0;11582109
336;23261886;116,23425; ;11582117;1;11582117
315;23261884;17,21665; ;0;0;11582117
330;23261887;147,09765; ;11582125;1;11582125
314;23261879;35,59605; ;0;0;11582125
329;23261888;140,3234; ;11582133;1;11582133
321;23261889;107,6152; ;11582141;1;11582141
322;23261892;106,43055; ;11582150;1;11582150
323;23261890;91,97250001; ;0;0;11582150
326;23261894;166,599; ;11582168;1;11582168
325;23261895;139,5367943; ;11582176;1;11582176
327;0;71,38736391; ;0;0;11582176
324;23261893;114,1077; ;11582184;1;11582184
328;23261891;90,4649467; ;0;0;11582184
316;23261897;176,6945189; ;11582192;1;11582192
317;23261898;213,6935401; ;11582206;1;11582206
284;23261859;140,1413088; ;11582214;1;11582214
332;23261856;66,22300001; ;0;0;11582214
285;23261857;155,124; ;11582222;1;11582222
1759;23261852;36,73528571; ;0;0;11582222
289;23261860;159,18215; ;11582249;1;11582249
290;23261848;134,27545; ;11582257;1;11582257
1758;23261849;76,89480912; ;0;0;11582257
291;23261846;141,8996; ;11582265;1;11582265
292;23261845;41,5579; ;0;0;11582265
286;23261853;137,1981; ;11582273;1;11582273
287;23261855;165,70475; ;11582281;1;11582281
283;23261854;183,1825; ;11582290;1;11582290
277;23261835;166,5566007; ;11582320;1;11582320
276;23261836;118,646; ;0;0;11582320
271;23261839;151,107; ;11582338;1;11582338
272;23261840;110,2615; ;0;0;11582338
270;23261837;140,11055; ;11582346;1;11582346
266;23279813;143,5352392; ;11582354;1;11582354
264;23279812;198,209638; ;11582362;1;11582362
265;23279811;163,8702437; ;0;0;11582362
257;23279919;282,78265; ;11582389;1;11582389
256;23279918;82,00480001; ;0;0;11582389
268;23262160;203,38515; ;11582397;1;11582397
273;23261841;165,1824; ;0;0;11582397
293;23261844;72,9855; ;11582419;1;11582419
311;23261901;174,62205; ;11582427;1;11582427
282;23261862;154,2753; ;0;0;11582427
281;23261863;79,0399; ;0;0;11582427
312;23261900;305,20265; ;0;0;11582427
310;23261925;239,4488934; ;11582435;1;11582435
309;23261755;243,5854; ;11582443;1;11582443
307;23261756;456,8424739; ;11582451;1;11582451
306;23261757;163,837976; ;11582460;1;11582460
304;23261758;113,0544953; ;11582478;1;11582478
305;23261759;70,69183451; ;0;0;11582478
303;23262364;105,0137773; ;0;0;11582478
301;23261761;136,8378; ;11582486;1;11582486
302;31208736;29,8117; ;0;0;11582486
300;31208739;23,9692; ;0;0;11582486
299;23261763;152,66715; ;11582494;1;11582494
297;23279629;146,90455; ;11582508;1;11582508
296;23279630;137,3946; ;11582516;1;11582516
295;23279632;160,85375; ;0;0;11582516
252;23279694;307,57935; ;11582524;1;11582524
251;23279854;269,7359557; ;11582532;1;11582532
250;23279853;143,1658; ;11582559;1;11582559
248;23279695;93,1031; ;0;0;11582559
239;23279544;137,35845; ;11582567;1;11582567
240;23279877;85,07430338; ;0;0;11582567
238;23279543;184,42585; ;11582575;1;11582575
237;23279545;153,6023; ;11582583;1;11582583
259;23279634;176,8636; ;11582591;1;11582591
255;23279894;208,4522; ;11582605;1;11582605
254;23279893;165,50875; ;11582613;1;11582613
249;23279972;174,75935; ;11582621;1;11582621
236;23279973;171,16205; ;11582630;1;11582630
235;23279974;224,3204; ;11582648;1;11582648
229;23279915;265,68555; ;11582656;1;11582656
230;23279573;172,23945; ;11582664;1;11582664
231;32432205;155,65325; ;0;0;11582664
196;23279680;136,5615; ;11582672;1;11582672
197;23279679;81,7901; ;0;0;11582672
204;23279604;158,8042; ;11582699;1;11582699
200;23279696;160,8097; ;11582702;1;11582702
201;31208707;66,3444; ;0;0;11582702
199;23279697;225,22085; ;11582729;1;11582729
198;31208722;27,6701; ;0;0;11582729
183;23279843;128,19255; ;11582753;1;11582753
184;23279749;145,21305; ;11582761;1;11582761
182;23279720;170,18625; ;11582770;1;11582770
187;23279721;105,212752; ;0;0;11582770
185;23279859;368,1483; ;11582788;1;11582788
192;23279722;116,3258; ;11582796;1;11582796
191;23279723;168,9554; ;11582800;1;11582800
190;23279793;268,1031; ;0;0;11582800
1755;23279606;169,48165; ;11582818;1;11582818
202;23279605;147,0674; ;11582826;1;11582826
203;31465623;50,6123; ;0;0;11582826
194;23279815;143,40225; ;11582834;1;11582834
1757;23279814;359,46335; ;0;0;11582834
1756;31208709;21,01895; ;0;0;11582834
216;23279608;136,2374; ;11582842;1;11582842
206;23279931;150,31455; ;11582869;1;11582869
209;23279842;283,654365; ;11582877;1;11582877
193;23279841;69,36445001; ;0;0;11582877
218;23279609;193,9192399; ;11582885;1;11582885
217;31208711;311,2601583; ;0;0;11582885
219;23279610;145,7841; ;11582893;1;11582893
225;23279885;150,7008; ;11582907;1;11582907
215;23279929;353,53845; ;11582915;1;11582915
213;23279574;139,1079593; ;0;0;11582915
214;23279930;34,86855; ;0;0;11582915
227;23279839;101,9844; ;11582923;1;11582923
228;23279840;51,46071722; ;0;0;11582923
233;23279914;277,53315; ;11582931;1;11582931
242;23280139;360,94145; ;11582940;1;11582940
243;23280670;128,9225; ;0;0;11582940
244;23280672;34,04895; ;0;0;11582940
241;23280673;28,6393; ;0;0;11582940
109;23280678;153,7744059; ;11582958;1;11582958
108;23279612;76,72940875; ;0;0;11582958
105;23279886;147,5754; ;11582966;1;11582966
104;23279887;28,3613; ;0;0;11582966
106;23279611;254,10975; ;11582974;1;11582974
102;23279538;178,7365; ;11582982;1;11582982
101;23280136;244,4581; ;11583008;1;11583008
100;23279800;97,14234635; ;0;0;11583008
103;23280676;131,70645; ;11583016;1;11583016
98;23280677;202,00955; ;11583024;1;11583024
99;23280679;91,29569999; ;0;0;11583024
95;23280680;196,72565; ;11583032;1;11583032
92;23280137;342,9108; ;0;0;11583032
93;23280334;183,25035; ;0;0;11583032
94;23280681;97,9437; ;0;0;11583032
90;23280682;145,2325; ;11583059;1;11583059
91;23280683;88,64686678; ;0;0;11583059
89;23280684;217,5933; ;11583067;1;11583067
82;23280685;65,9285; ;0;0;11583067
88;23280686;88,32339999; ;0;0;11583067
97;23280138;183,494; ;11583075;1;11583075
96;23279994;31,83865; ;0;0;11583075
86;23280688;120,1174; ;11583083;1;11583083
87;23280687;59,39395001; ;0;0;11583083
74;23280734;179,541456; ;11583091;1;11583091
73;23280733;400,5406677; ;0;0;11583091
76;23280735;116,416623; ;0;0;11583091
77;23280736;60,48399466; ;0;0;11583091
75;23280737;604,9329; ;0;0;11583091
85;23280689;179,989059; ;11583105;1;11583105
84;23280690;21,41219999; ;0;0;11583105
68;23280729;291,0775315; ;11583113;1;11583113
72;23280727;210,1805; ;0;0;11583113
71;23280728;398,3940533; ;0;0;11583113
70;23280730;588,4499189; ;0;0;11583113
69;23280732;192,2081; ;0;0;11583113
83;23280692;214,7277507; ;11583121;1;11583121
81;23280691;43,0275; ;0;0;11583121
63;23280693;197,86245; ;11583148;1;11583148
65;23280694;326,3909524; ;0;0;11583148
66;23280724;535,9883482; ;11583156;1;11583156
67;23280725;213,7266113; ;11583130;1;11583130
46;23280695;214,08385; ;11583164;1;11583164
1761;0;128,552314; ;0;0;11583164
47;23280696;51,2727; ;0;0;11583164
55;23280721;177,7993; ;11583172;1;11583172
53;23280718;20,7443; ;0;0;11583172
57;23280719;140,18485; ;0;0;11583172
54;23280720;285,4931; ;0;0;11583172
51;23280705;190,43855; ;11583199;1;11583199
64;0;114,6193148; ;0;0;11583199
52;23280698;205,87135; ;0;0;11583199
61;23280701;61,27015039; ;0;0;11583199
45;23280713;137,4845; ;11583202;1;11583202
80;23280714;196,1255061; ;0;0;11583202
79;23280716;234,0795006; ;0;0;11583202
60;23280702;286,81935; ;11583229;1;11583229
62;0;73,13211266; ;0;0;11583229
56;23280711;236,6105; ;11583237;1;11583237
78;23280712;210,2310144; ;0;0;11583237
50;23280704;148,10805; ;11583245;1;11583245
49;23280710;593,31115; ;11583253;1;11583253
58;0;507,9959115; ;0;0;11583253
48;23280707;479,7839; ;0;0;11583253
59;23280709;42,0335; ;0;0;11583253
1515;23279512;563,5801; ;11583261;1;11583261
1518;23279797;155,2526023; ;11583270;1;11583270
1510;32690814;215,808; ;0;0;11583270
1513;23279967;123,47655; ;11583288;1;11583288
1517;23279968;57,2113335; ;0;0;11583288
157;23279985;241,7034; ;11583474;1;11583474
156;23279986;119,44385; ;0;0;11583474
178;23279794;212,0986; ;11583482;1;11583482
179;31164315;56,0691; ;0;0;11583482
162;23279649;126,73025; ;11583512;1;11583512
170;23279647;168,5408602; ;11583539;1;11583539
161;23279648;83,00125; ;0;0;11583539
165;23279563;118,9121; ;11583547;1;11583547
160;23279646;64,42090001; ;0;0;11583547
167;23279936;110,2265; ;11583555;1;11583555
168;23279935;166,3895544; ;0;0;11583555
164;23279561;177,487; ;11583563;1;11583563
166;23279562;140,5349337; ;0;0;11583563
163;23279560;120,04515; ;11583571;1;11583571
142;23279775;114,3489; ;11583580;1;11583580
138;23279623;113,9952; ;11583598;1;11583598
173;23279888;117,09015; ;11583601;1;11583601
172;31164311;29,768; ;0;0;11583601
140;23279933;141,8858; ;11583610;1;11583610
143;23279932;94,5153; ;11583628;1;11583628
154;23279890;140,1494; ;11583636;1;11583636
151;23279878;198,3141275; ;11583644;1;11583644
152;23279879;142,80658; ;11583652;1;11583652
153;32412396;63,58995; ;0;0;11583652
149;23279637;260,92563; ;11583687;1;11583687
141;23279750;30,9096; ;0;0;11583687
148;32412400;91,52465; ;0;0;11583687
145;23279957;187,189; ;11583695;1;11583695
146;23279958;182,90745; ;0;0;11583695
147;23279770;332,52215; ;11583709;1;11583709
139;23279636;173,2444; ;11583717;1;11583717
137;23279479;151,1261; ;11583725;1;11583725
155;23279635;178,0768848; ;0;0;11583725
133;23279705;286,2450872; ;11584063;1;11584063
131;23279690;45,6727; ;0;0;11584063
132;23279691;60,70990228; ;0;0;11584063
130;23279706;294,2902458; ;0;0;11584063
134;23279758;179,63585; ;11584071;1;11584071
136;23279707;66,94103757; ;0;0;11584071
135;23279757;203,3304668; ;0;0;11584071
114;23279558;217,5198179;HAMER MARIJA;11584080;1;11584080
115;23279949;32,6585;HAMER MARIJA;0;0;11584080
110;23279950;79,45630776;HAMER MARIJA;0;0;11584080
111;23279951;205,4752856; ;11584098;1;11584098
113;23279557;152,08275; ;0;0;11584098
127;23279655;179,36615; ;11584101;1;11584101
126;23279654;40,87305001; ;0;0;11584101
128;23279901;85,79325884; ;11584110;1;11584110
125;23279587;149,4173739; ;11584128;1;11584128
124;23279653;398,096991; ;0;0;11584128
123;23279586;209,4595; ;11584144;1;11584144
118;23279536;91,3484; ;0;0;11584144
119;23279537;76,22285; ;0;0;11584144
120;23279564;422,7992005; ;0;0;11584144
112;23279565;153,08475; ;0;0;11584144
121;23279566;137,62445; ;0;0;11584144
122;23279585;182,3976; ;0;0;11584144
117;23279726;301,328062; ;11584152;1;11584152
116;23279619;212,8453; ;11584179;1;11584179
1506;23261043;145,6202; ;11584322;1;11584322
1505;23261044;99,89632038; ;0;0;11584322
1507;23261046;81,55615; ;0;0;11584322
1503;23261049;114,4353577; ;11584349;1;11584349
1504;23261050;26,58411092; ;0;0;11584349
1500;23261053;23,2312; ;11584357;1;11584357
1496;23261055;203,3982163; ;11584365;1;11584365
1492;32413309;71,69245; ;0;0;11584365
1494;23261061;214,6108861; ;11584373;1;11584373
1493;32468612;49,8106; ;0;0;11584373
1491;23261827;232,8546; ;11584390;1;11584390
1488;23261824;143,3978; ;11584403;1;11584403
1489;23261821;430,60435; ;11584420;1;11584420
1486;23261819;227,7389; ;0;0;11584420
1487;23261820;182,96705; ;0;0;11584420
1484;23261005;175,9366; ;11584438;1;11584438
1485;23261063;408,2274; ;0;0;11584438
1580;23260842;299,6003; ;11586830;1;11586830
1579;23260843;213,0912; ;0;0;11586830
1578;23260846;127,1329; ;0;0;11586830
1575;23261457;105,89745; ;11586848;1;11586848
1604;23260841;127,2345357; ;11586856;1;11586856
1603;23260840;36,39514601; ;0;0;11586856
1577;23261458;120,76275; ;11586864;1;11586864
1602;23260839;139,0504216; ;11586872;1;11586872
1576;31494613;550,04615; ;11586899;1;11586899
1608;23260823;159,5824542; ;11586902;1;11586902
1607;23260888;46,61790225; ;0;0;11586902
1645;23260592;142,36725; ;11586929;1;11586929
1632;23260797;172,2688; ;11586937;1;11586937
1634;23260792;59,8236; ;0;0;11586937
1635;23260796;22,4108; ;0;0;11586937
1639;23260887;310,8795; ;11586945;1;11586945
669;23261147;93,573; ;11586953;1;11586953
668;31597948;365,8839; ;11586961;1;11586961
525;23261171;96,48280001; ;11586970;1;11586970
667;23261150;219,74265; ;11587003;1;11587003
528;23261152;163,4814; ;11587011;1;11587011
529;23261137;148,1922643; ;11587020;1;11587020
530;23261133;191,0403; ;11587038;1;11587038
531;23261134;268,3818; ;11587046;1;11587046
536;23260708;211,8782; ;11587054;1;11587054
926;23261576;139,29295; ;11587089;1;11587089
931;23261581;597,3507; ;11587097;1;11587097
928;23261575;183,92145; ;11587119;1;11587119
930;23261574;198,7946497;ELPAS;0;0;11587119
929;35034798;85,01596016; ;11587127;1;11587127
917;23261586;195,2359; ;11587135;1;11587135
916;23261587;63,666;VULC;0;0;11587135
913;23261588;171,6017; ;11587143;1;11587143
910;23261589;110,83775; ;11587151;1;11587151
911;32516898;49,2813; ;0;0;11587151
899;23261590;107,69145; ;11587160;1;11587160
904;23261606;89,00365; ;11587178;1;11587178
521;23261184;183,53215; ;11587186;1;11587186
516;23261180;32,9378; ;0;0;11587186
519;23261186;199,9957; ;11587194;1;11587194
518;23261182;62,4362; ;0;0;11587194
644;23261254;241,525752; ;11587208;1;11587208
506;23261195;255,3254; ;11587216;1;11587216
507;23261196;70,30318312; ;0;0;11587216
643;23261255;108,5301; ;11587224;1;11587224
502;23261198;150,56115; ;11587232;1;11587232
642;31494671;99,03950001; ;11587259;1;11587259
483;23261202;148,13595; ;11587267;1;11587267
492;23261204;199,3139929; ;11587275;1;11587275
491;23261218;153,03055; ;11587283;1;11587283
490;23261222;131,19935; ;11587305;1;11587305
488;23261226;206,6863; ;11587313;1;11587313
462;23261380;136,2695; ;11587321;1;11587321
463;23261381;121,08545; ;0;0;11587321
475;23261236;137,82635; ;11587330;1;11587330
474;23261234;71,74729999; ;0;0;11587330
468;23261378;140,23705; ;11587348;1;11587348
469;23261377;98,2784; ;0;0;11587348
467;23261375;131,55395; ;11587356;1;11587356
461;23261379;41,29305; ;0;0;11587356
464;23261383;25,512; ;0;0;11587356
1573;23260594;165,91035; ;11587364;1;11587364
1574;23260604;141,96355; ;11587372;1;11587372
1572;23260595;169,99315; ;11587399;1;11587399
1570;23260603;167,7756; ;11587402;1;11587402
1569;23260602;31,03775001; ;0;0;11587402
1553;23260626;298,17895; ;11587429;1;11587429
1543;23260605;128,3415; ;11587437;1;11587437
1544;23260606;31,88915; ;0;0;11587437
1548;23260629;232,75985; ;11587445;1;11587445
1538;23260612;166,22125; ;11587453;1;11587453
1542;23260614;53,02501197; ;0;0;11587453
1546;23260630;218,6595; ;11587461;1;11587461
1539;23260613;242,09705; ;11587470;1;11587470
1547;23260771;132,3776; ;11587488;1;11587488
1540;23260615;195,452; ;11587496;1;11587496
1536;23260616;214,0017026; ;11587500;1;11587500
1541;23260884;138,3895; ;11587518;1;11587518
1537;23260772;221,3995; ;11587526;1;11587526
1532;23260883;133,54285; ;11587534;1;11587534
1535;23260774;189,6261125; ;11587542;1;11587542
1528;23261406;222,82055; ;11587569;1;11587569
1555;23260773;157,8116; ;11587577;1;11587577
1531;23260781;160,27765; ;11587585;1;11587585
1530;23260778;739,1874; ;11587607;1;11587607
1533;23260782;415,7323; ;11587615;1;11587615
1525;23260584;1529,11125; ;11587623;1;11587623
1527;23260777;373,5745; ;11587631;1;11587631
1526;23260585;922,38025; ;11587640;1;11587640
1529;23260776;158,09325; ;11587658;1;11587658
1648;23260576;1125,9515; ;11587712;1;11587712
1649;23260575;390,43345; ;0;0;11587712
1650;23260574;500,3616767; ;11587739;1;11587739
794;23261453;218,69265; ;11587747;1;11587747
807;23261450;261,8108; ;11587755;1;11587755
804;23261451;85,29259999; ;0;0;11587755
806;23261452;290,21705; ;0;0;11587755
803;23261449;215,3854; ;11587763;1;11587763
808;23261446;350,73755; ;11587771;1;11587771
805;23261448;182,4470396; ;0;0;11587771
809;23261444;118,6721; ;11587780;1;11587780
810;23261445;179,23805; ;11587798;1;11587798
814;23261418;1046,803441; ;11587801;1;11587801
816;23261414;164,87925; ;11587836;1;11587836
818;31502038;32,98595; ;0;0;11587836
815;23261413;202,905; ;11587852;1;11587852
831;23261412;216,094017; ;0;0;11587852
830;23261074;151,1038732; ;11587879;1;11587879
829;32469315;348,1419824; ;11587895;1;11587895
828;23261073;247,6516314; ;11587909;1;11587909
832;23261070;306,9343934; ;11587917;1;11587917
834;23261071;200,1254163; ;11587925;1;11587925
812;23261394;225,85235; ;11587933;1;11587933
811;31269406;38,07041416; ;0;0;11587933
840;23261520;255,41605; ;11587941;1;11587941
813;23261509;711,79725; ;11587950;1;11587950
819;23261508;557,27405; ;11587976;1;11587976
817;23262154;326,2321; ;0;0;11587976
820;23261507;260,9823286; ;11587984;1;11587984
821;23262155;211,7505; ;0;0;11587984
838;31920130;432,03535; ;11588000;1;11588000
837;23261517;152,8324; ;11588026;1;11588026
825;23261395;318,2269; ;11588034;1;11588034
839;23261516;640,5052164; ;11588042;1;11588042
823;23261076;358,4589; ;11588069;1;11588069
827;23261075;240,9483; ;0;0;11588069
826;23261077;199,72315; ;0;0;11588069
824;23261079;169,66115; ;11588085;1;11588085
836;23261515;218,2823; ;11588093;1;11588093
833;23261069;284,9168; ;11588107;1;11588107
901;23261503;222,1633; ;11588140;1;11588140
984;23261665;666,9607;INTES;11588158;1;11588158
993;23261666;146,02505;INTES;0;0;11588158
994;23261667;38,7145;INTES;0;0;11588158
995;23261668;93,857;INTES;0;0;11588158
996;23261669;56,2062; ;0;0;11588158
888;23261506;127,73975; ;11588166;1;11588166
988;23261664;201,5104; ;11588174;1;11588174
987;23261663;279,6853; ;0;0;11588174
897;23261633;123,794; ;11588182;1;11588182
989;23261662;1159,51515; ;11588204;1;11588204
895;23261620;249,7404229; ;11588212;1;11588212
983;23261661;284,99165; ;11588239;1;11588239
992;23261659;168,4557; ;11588247;1;11588247
982;23261660;45,23399999; ;0;0;11588247
896;23261621;111,7971852; ;11588255;1;11588255
886;23261622;27,891; ;0;0;11588255
981;23261657;131,7534; ;11588263;1;11588263
980;23261656;46,91269999; ;0;0;11588263
991;23261658;211,8396023; ;11588271;1;11588271
990;23261655;50,00274304; ;0;0;11588271
894;23261634;180,4106848; ;11588280;1;11588280
889;23261636;177,9823; ;11588301;1;11588301
979;23261654;156,75885; ;11588310;1;11588310
879;31498489;180,28785; ;11588328;1;11588328
985;23261651;257,76315; ;11588336;1;11588336
986;32528570;56,6569; ;0;0;11588336
843;23261533;201,47425; ;11588344;1;11588344
978;23261652;71,9264; ;11588352;1;11588352
850;31790955;60,6899; ;11588379;1;11588379
842;23261531;89,04915; ;11588395;1;11588395
845;23261532;255,77265; ;11588417;1;11588417
841;23261523;309,4662795; ;11588441;1;11588441
835;23261411;291,1878; ;11588468;1;11588468
1137;23261287;236,96355; ;11588484;1;11588484
1138;23261288;93,18075; ;0;0;11588484
1139;23261289;161,5815; ;11588506;1;11588506
1152;23262503;157,0910211; ;0;0;11588506
1191;23261259;128,4052906;LJUTOMERSKA 14, ETAŽNI LASTNIKI;11588514;1;11588514
1192;23261258;311,3272888;MILAN ČUK, S.P.;0;0;11588514
1182;31973355;9,380899998;LJUTOMERSKA 14, ETAŽNI LASTNIKI;0;0;11588514
1183;32717641;6,723200002;LJUTOMERSKA 14, ETAŽNI LASTNIKI;0;0;11588514
1184;32717643;8,110299999;LJUTOMERSKA 14, ETAŽNI LASTNIKI;0;0;11588514
1179;32717645;7,831249999;LJUTOMERSKA 14, ETAŽNI LASTNIKI;0;0;11588514
1180;32717649;7,811099999;LJUTOMERSKA 14, ETAŽNI LASTNIKI;0;0;11588514
1189;32717653;7,8591;LJUTOMERSKA 14, ETAŽNI LASTNIKI;0;0;11588514
1181;32717657;7,6945;LJUTOMERSKA 14, ETAŽNI LASTNIKI;0;0;11588514
1185;32717659;7,907099999;LJUTOMERSKA 14, ETAŽNI LASTNIKI;0;0;11588514
1186;32717661;7,962199999;LJUTOMERSKA 14, ETAŽNI LASTNIKI;0;0;11588514
1187;32717663;8,097299998;LJUTOMERSKA 14, ETAŽNI LASTNIKI;0;0;11588514
1188;32717665;6,178049998;LJUTOMERSKA 14, ETAŽNI LASTNIKI;0;0;11588514
1165;23262506;511,9184547; ;11588522;1;11588522
1190;23261256;374,3056008; ;11588549;1;11588549
1166;23262510;178,7940156; ;11588557;1;11588557
1155;23262511;63,72269999; ;0;0;11588557
1193;33939143;171,4774483; ;11588565;1;11588565
1194;0;160,1818168; ;0;0;11588565
1175;23262183;134,0126; ;11588573;1;11588573
1177;23262385;150,6236838; ;11588590;1;11588590
1176;23262253;66,82547556; ;0;0;11588590
1206;31739695;620,7509; ;11588603;1;11588603
1178;23262254;192,599926; ;11588611;1;11588611
1213;23262269;191,8501746; ;11588620;1;11588620
1231;23262324;274,8952; ;11588638;1;11588638
1232;23262330;251,2945; ;11588662;1;11588662
1233;23262331;175,97115; ;0;0;11588662
1418;23262362;133,6435; ;11588719;1;11588719
1419;23262363;145,8918; ;0;0;11588719
1417;23262375;61,88123891; ;0;0;11588719
1234;23262344;403,0198; ;11588727;1;11588727
1413;23262360;863,2916008; ;11588735;1;11588735
1235;0;637,6822185; ;0;0;11588743
1236;23262174;12748,24084; ;0;0;11588743
1240;23262188;1292,65595; ;0;0;11588743
1239;23262206;317,3630281; ;0;0;11588743
1820;23262280;405,90935; ;11588743;0;11588743
1243;23262308;2832,309431; ;0;0;11588743
1237;23262366;8091,037509; ;0;0;11588743
1819;31492743;3080,3397; ;0;0;11588743
1818;31638297;907,3619; ;0;0;11588743
1242;31638299;1226,46631; ;0;0;11588743
1241;31638303;1505,123857; ;0;0;11588743
1244;33899392;2926,375551; ;0;0;11588743
1238;34360700;904,2152; ;0;0;11588743
1398;23262326;749,3593801; ;11588751;1;11588751
1399;0;208,708271; ;0;0;11588751
1397;23262325;287,4588804; ;0;0;11588751
1402;31468840;4203,170308; ;0;0;11588751
1268;23262179;164,47485; ;11588760;1;11588760
1248;23262237;246,55495; ;11588778;1;11588778
1392;23262238;68,24595; ;0;0;11588778
1253;23262194;434,87915; ;11588786;1;11588786
798;23261479;367,21485; ;11588794;1;11588794
796;23261476;371,94075; ;11588808;1;11588808
793;23261477;648,5458; ;11588816;1;11588816
795;23261454;222,4406; ;11588824;1;11588824
800;23261487;287,8380833; ;11588832;1;11588832
1823;23261486;0;;;;11588832
864;23261489;336,9129; ;11588859;1;11588859
861;23261491;67,8221; ;0;0;11588859
865;23261495;89,14154999; ;0;0;11588859
867;23261490;155,8277; ;11588867;1;11588867
866;23261493;162,9428572; ;0;0;11588867
870;23261510;105,2142; ;11588875;1;11588875
802;23261483;220,6406046; ;11588883;1;11588883
801;23261484;118,0621232; ;0;0;11588883
797;23261481;144,00045; ;11588891;1;11588891
799;23261482;83,05055; ;0;0;11588891
641;23261250;242,56925; ;11588905;1;11588905
639;23261251;104,9917; ;0;0;11588905
645;23261253;221,3725451; ;11588913;1;11588913
638;23261239;451,2299648; ;11588921;1;11588921
636;23262142;134,7876; ;11588930;1;11588930
635;23261242;21,66695; ;0;0;11588930
634;23261243;247,7205; ;0;0;11588930
637;31307682;40,35173839; ;0;0;11588930
477;23261237;144,9942; ;11588948;1;11588948
465;23261238;136,64925; ;0;0;11588948
1;23261751;131,651989;Ni možno;11588956;1;11588956
8;23261773;253,0957; ;11588964;1;11588964
421;23261628;25,7583; ;0;0;11588964
3;23261764;173,2203;Ni možno;11588972;1;11588972
419;23261630;118,96605; ;11588999;1;11588999
420;23261629;76,18815; ;0;0;11588999
9;23261766;154,7198; ;11589006;1;11589006
10;23261768;134,6844049; ;0;0;11589006
11;23261769;64,94045; ;0;0;11589006
352;23261813;142,7746; ;11589014;1;11589014
353;23261814;88,504; ;0;0;11589014
973;23261815;469,65505; ;11589022;1;11589022
1059;23262068;331,90875; ;11589049;1;11589049
976;23261695;646,38215; ;11589057;1;11589057
1062;23262061;67,79545; ;11589065;1;11589065
1061;23262060;77,11575; ;11589081;1;11589081
936;23261550;152,54445; ;11589090;1;11589090
1054;23262057;255,68985; ;11589103;1;11589103
1058;23262036;227,0527425;RAMPA ŽELEZNICA;0;0;11589103
1053;23262055;138,85295; ;0;0;11589103
1056;23262056;124,8921; ;0;0;11589103
1055;23262059;118,7036; ;0;0;11589103
932;23261577;134,5431887; ;11589111;1;11589111
927;23261573;202,7478; ;11589120;1;11589120
923;23261572;165,8098; ;11589138;1;11589138
922;23261570;110,1936; ;11589146;1;11589146
921;23261547;105,4948; ;11589154;1;11589154
924;23261546;130,9846156; ;0;0;11589154
875;23261548;194,31035; ;11589162;1;11589162
874;23261549;84,4782; ;11589189;1;11589189
940;23261555;607,62125;ELTI, VAR;11589197;1;11589197
946;23261552;2982,0858;ELTI, VAR;0;0;11589197
944;23261553;390,8286;ELTI, VAR;0;0;11589197
939;23261554;642,04005;ELTI, VAR;0;0;11589197
947;23261557;865,514;ELTI, VAR;0;0;11589197
948;23261559;344,1934672;ELTI, VAR;0;0;11589197
949;23261561;173,1297113;ELTI, VAR;0;0;11589197
945;23261562;837,14205;ELTI, VAR;0;0;11589197
942;23261563;1812,24105;ELTI, VAR;0;0;11589197
933;23262040;827,2171;ELTI, VAR;0;0;11589197
950;23262041;186,08475;ELTI, VAR;0;0;11589197
938;31495088;200,3355;ELTI, VAR;0;0;11589197
943;32242644;241,47595;ELTI, VAR;0;0;11589197
934;32242646;356,30355;ELTI, VAR;0;0;11589197
863;23261542;176,1346; ;11589219;1;11589219
872;23261512;199,28635; ;11589227;1;11589227
859;23261541;244,10085; ;11589235;1;11589235
862;23261514;216,02305; ;11589243;1;11589243
868;23261540;216,0471; ;11589251;1;11589251
860;23261497;262,3622; ;11589260;1;11589260
855;23261539;212,71395; ;11589278;1;11589278
853;23261389;218,55035; ;11589286;1;11589286
849;23261538;221,01535; ;11589294;1;11589294
854;23261393;182,475; ;11589308;1;11589308
856;23261537;299,8787; ;11589316;1;11589316
857;23261536;516,3631964; ;11589324;1;11589324
937;23261567;282,37815; ;11589359;1;11589359
941;23261566;175,2873; ;0;0;11589359
935;23261568;549,7936; ;0;0;11589359
735;23261723;305,5781; ;11589367;1;11589367
732;23261726;517,4644; ;11589383;1;11589383
963;23262037;306,77955; ;11589391;1;11589391
726;23261946;148,25545; ;11589421;1;11589421
730;23261947;91,52404857; ;0;0;11589421
729;23262083;342,75055; ;11589448;1;11589448
960;23262028;988,876; ;11589456;1;11589456
728;23262032;175,03095; ;11589464;1;11589464
962;23262025;540,67095; ;11589472;1;11589472
959;23262027;100,32005; ;0;0;11589472
961;23262029;248,2266;GARAŽE PRI OBČINI;0;0;11589472
724;23262031;295,32065; ;11589499;1;11589499
971;23262022;717,08905; ;11589502;1;11589502
727;23262082;341,8064; ;11589529;1;11589529
709;23261954;203,9984; ;11589545;1;11589545
710;23261956;96,4895; ;0;0;11589545
716;23262030;630,1629; ;11589561;1;11589561
717;23262085;97,2959; ;0;0;11589561
1063;23262064;510,7677; ;11589570;1;11589570
1060;23262063;593,746; ;11589596;1;11589596
1067;23262062;361,62505; ;11589618;1;11589618
697;30796962;238,7635; ;11589626;1;11589626
1071;23261989;231,417378; ;11589634;1;11589634
1070;23261992;79,83707308; ;0;0;11589634
695;23261977;542,2167; ;11589642;1;11589642
1066;23261988;384,04535; ;11589669;1;11589669
690;23261978;279,0989; ;11589677;1;11589677
1068;23261987;141,3048; ;11589685;1;11589685
692;31716926;257,442; ;11589693;1;11589693
691;32007332;52,9736; ;0;0;11589693
693;23262009;77,3387; ;11589715;1;11589715
685;23261982;230,35535; ;11589731;1;11589731
673;23262010;121,56325; ;11589758;1;11589758
678;23262011;189,5600622; ;0;0;11589758
671;23261142;1174,983991; ;11589774;1;11589774
670;35365749;325,4671;NOVI ZD;0;0;11589774
672;23262074;1349,93045; ;11589782;1;11589782
660;23261163;173,102; ;11589804;1;11589804
1107;23261260;761,0785; ;11589812;1;11589812
664;23261162;205,84215; ;11589847;1;11589847
1108;23261263;145,1201; ;11589855;1;11589855
1109;23261264;109,18955; ;0;0;11589855
652;23261165;133,6394; ;11589863;1;11589863
1118;23261273;155,4636; ;11589871;1;11589871
1122;23261280;13,26552493; ;0;0;11589871
663;23261168;383,7369586; ;11589880;1;11589880
1123;23261277;202,9020229; ;11589898;1;11589898
1121;23261281;135,5172; ;11589901;1;11589901
1131;23261282;83,09325; ;11589910;1;11589910
1135;23261283;244,0996616; ;11589928;1;11589928
1132;23261285;223,0257; ;11589936;1;11589936
1136;23261286;59,86098252; ;0;0;11589936
1128;31261778;23,8518; ;0;0;11589936
418;23261631;114,3886; ;11589944;1;11589944
402;23261624;70,8932; ;0;0;11589944
428;23261748;121,2482; ;11589952;1;11589952
430;23261746;56,4979; ;0;0;11589952
415;23261772;115,3901; ;11589979;1;11589979
414;23261632;62,47099999; ;0;0;11589979
429;23261747;124,30935; ;11589987;1;11589987
417;23261770;137,3424309; ;11589995;1;11589995
416;23261627;60,8021841; ;0;0;11589995
443;23261397;415,791252; ;11590004;1;11590004
442;23261366;119,7666; ;11590012;1;11590012
439;23261387;36,303; ;0;0;11590012
446;23261398;117,6167; ;11590039;1;11590039
734;23261722;118,9034; ;11590055;1;11590055
711;23261953;263,9964991; ;11590063;1;11590063
708;23261952;41,7584; ;0;0;11590063
736;23261724;398,95125; ;11590071;1;11590071
733;23261721;52,84500001; ;0;0;11590071
731;23261725;89,20605001; ;0;0;11590071
1523;23261931;144,8862; ;11590080;1;11590080
1522;23261933;72,14096132; ;0;0;11590080
725;23261945;160,8609; ;11590098;1;11590098
719;23262081;685,8775; ;11590101;1;11590101
723;0;628,6130229; ;0;0;11590101
718;23261959;180,4325; ;0;0;11590101
720;23262078;691,8388; ;0;0;11590101
721;23262079;456,6507; ;0;0;11590101
722;31320802;24,14091261; ;0;0;11590101
1519;23261929;136,761; ;11590110;1;11590110
1520;23261928;42,2142; ;0;0;11590110
704;23262089;174,3668104; ;11590128;1;11590128
702;23262092;36,26565; ;11590136;1;11590136
703;23262093;107,9117; ;11590144;1;11590144
698;23262094;58,64657089; ;11590152;1;11590152
701;23262086;190,7099797; ;11590187;1;11590187
707;23261951;265,0072; ;11590225;1;11590225
706;23261950;155,80615; ;0;0;11590225
699;23261960;728,84675; ;11590233;1;11590233
560;23261961;194,4871; ;11590241;1;11590241
564;23261962;268,7755065; ;11590250;1;11590250
562;23261965;174,0761182; ;11590268;1;11590268
561;23261964;118,6571; ;0;0;11590268
558;23261966;155,35475; ;11590276;1;11590276
559;23261967;129,7294; ;11590284;1;11590284
687;23262008;207,95885; ;11590292;1;11590292
565;23261968;232,0090483; ;11590306;1;11590306
684;23261975;76,4982; ;11590314;1;11590314
689;23261986;157,27705; ;0;0;11590314
688;31248269;55,82369999; ;0;0;11590314
683;23261974;167,1082; ;11590349;1;11590349
686;31248267;23,43915; ;0;0;11590349
554;23261972;158,1795; ;11590357;1;11590357
681;23261973;184,2750876; ;11590365;1;11590365
557;23261114;180,9683; ;11590373;1;11590373
680;23261984;193,457388; ;11590381;1;11590381
676;23262135;38,47045; ;0;0;11590381
556;23261116;185,0515009; ;11590390;1;11590390
555;31229225;26,42000348; ;0;0;11590390
674;23261140;193,69325; ;11590403;1;11590403
544;23261117;140,94835; ;11590411;1;11590411
675;23261138;156,813; ;11590420;1;11590420
682;35125781;42,62235714; ;0;0;11590420
542;23261118;150,0854; ;11590438;1;11590438
543;23261119;125,2586; ;11590446;1;11590446
545;23261120;148,9691; ;11590454;1;11590454
551;0;23,15476109; ;0;0;11590454
546;23261121;116,99565; ;11590462;1;11590462
548;23261122;152,5637; ;11590489;1;11590489
550;23261123;35,1130246; ;0;0;11590489
547;23261124;165,65685; ;11590497;1;11590497
549;23261126;254,6839079; ;11590519;1;11590519
740;23261700;320,5789; ;11590527;1;11590527
737;23261697;377,875; ;11590535;1;11590535
760;23261718;170,3287; ;11590543;1;11590543
738;23261698;380,77725; ;11590551;1;11590551
759;23261717;117,96485; ;11590560;1;11590560
739;23261699;377,67475; ;11590578;1;11590578
763;23261714;201,0107154; ;11590586;1;11590586
758;23261710;110,3546; ;11590594;1;11590594
762;23261712;178,0092; ;11590608;1;11590608
757;23261709;140,99245; ;11590616;1;11590616
764;23261707;263,91335; ;11590624;1;11590624
765;23261705;148,1883059; ;11590632;1;11590632
766;23261701;354,65305; ;11590659;1;11590659
767;23261704;202,7809; ;11590667;1;11590667
771;31320818;168,81165; ;11590675;1;11590675
770;23260921;129,5537; ;11590683;1;11590683
749;23261474;151,0840723; ;11590691;1;11590691
750;23261475;34,74526419; ;0;0;11590691
792;23261471;150,3123117; ;11590705;1;11590705
748;23261469;104,81585; ;11590721;1;11590721
746;23261473;264,33195; ;11590730;1;11590730
742;23261470;105,4175; ;0;0;11590730
747;23261468;132,5324; ;11590748;1;11590748
744;23261696;221,29895; ;11590756;1;11590756
789;23261467;136,6119; ;11590764;1;11590764
743;23261711;141,22875; ;11590772;1;11590772
745;23260878;133,5717; ;11590799;1;11590799
787;23261463;122,5423; ;11590829;1;11590829
788;23261464;101,72665; ;0;0;11590829
779;23260867;126,8098; ;11590837;1;11590837
785;23260872;163,0455; ;11590845;1;11590845
790;23260870;157,2257; ;11590853;1;11590853
791;23260871;161,95635; ;11590861;1;11590861
753;23260873;155,54935; ;11590870;1;11590870
786;23261462;208,1251; ;11590888;1;11590888
775;23260868;226,01085; ;11590896;1;11590896
774;23260866;24,1508; ;0;0;11590896
755;23261466;122,292; ;11590900;1;11590900
756;23260875;177,898313; ;11590918;1;11590918
751;23260876;156,5012; ;11590926;1;11590926
754;23260874;181,0247; ;11590934;1;11590934
752;23260877;115,1867; ;11590942;1;11590942
1001;23261676;150,7415; ;11590969;1;11590969
977;23261692;1050,23565;DAVIDOV HRAM;11590977;1;11590977
1752;23261685;54,72;DAVIDOV HRAM;0;0;11590977
1751;23261688;330,72655;DAVIDOV HRAM, STANOVANJA;0;0;11590977
1000;23261675;338,42925; ;11590985;1;11590985
999;23261673;80,3045; ;0;0;11590985
1748;23261684;119,2209; ;11590993;1;11590993
1003;23261680;196,0508; ;11591019;1;11591019
1754;33133728;72,26486701; ;11591027;1;11591027
1010;23261681;163,6091; ;11591035;1;11591035
1749;23262133;106,3562; ;11591043;1;11591043
998;23261677;219,53365; ;11591051;1;11591051
1002;23261679;128,7865; ;11591060;1;11591060
1009;23262156;254,0148152; ;11591078;1;11591078
1005;23262161;206,0161; ;11591086;1;11591086
1004;23261682;134,389; ;0;0;11591086
997;23262387;26,0407; ;0;0;11591086
1006;23262380;159,6166;VG MURA;11591094;1;11591094
1008;23262266;16,1388;VG MURA;0;0;11591094
1007;23262381;418,55605;VG MURA;0;0;11591094
1011;23262382;58,81871105;VG MURA;0;0;11591094
1012;23262383;127,97905; ;11591108;1;11591108
1014;23262384;119,6486457; ;0;0;11591108
1016;23262389;205,06795; ;11591116;1;11591116
1015;23262391;376,0457;VRBNJAK, SKP;11591124;1;11591124
1018;23262390;360,1899;VRBNJAK, SKP;0;0;11591124
1017;33912702;169,9237;VRBNJAK, SKP;0;0;11591124
951;23262026;331,8618703; ;11591132;1;11591132
972;23262020;768,4112974; ;11591183;1;11591183
958;23262024;431,2824; ;11591213;1;11591213
975;23262034;431,6909; ;11591248;1;11591248
974;23262033;387,2866; ;11591256;1;11591256
510;23261187;224,8948356; ;11591264;1;11591264
509;23261188;102,33215; ;11591272;1;11591272
523;23261183;236,1316824; ;11591299;1;11591299
517;23261181;31,3743; ;0;0;11591299
524;23261178;127,3765271; ;11591302;1;11591302
522;23261179;41,2532; ;0;0;11591302
520;23261173;152,9915; ;11591329;1;11591329
515;23261175;22,91355; ;0;0;11591329
503;23261177;137,2119; ;11591337;1;11591337
504;23261190;202,9025; ;11591345;1;11591345
505;23261189;26,6718; ;0;0;11591345
501;23261193;196,99105; ;11591353;1;11591353
508;23261194;85,24837773; ;0;0;11591353
511;23261191;229,1054075; ;11591361;1;11591361
481;23261200;136,84055; ;11591370;1;11591370
482;23261201;11,4869; ;0;0;11591370
486;23261209;120,66075; ;11591388;1;11591388
479;23261203;101,2177; ;11591396;1;11591396
496;23261208;153,6866; ;11591400;1;11591400
493;23261220;155,8668858; ;11591418;1;11591418
495;23261213;132,70365; ;11591426;1;11591426
494;23261214;136,2803; ;11591434;1;11591434
485;23261217;172,779; ;11591442;1;11591442
1110;23261265;143,3817; ;11591469;1;11591469
1112;23261267;105,2411; ;11591477;1;11591477
1115;23261266;131,55; ;11591485;1;11591485
1114;23261268;109,757; ;11591493;1;11591493
1113;23261269;105,4109; ;11591507;1;11591507
1111;23261404;27,7795; ;0;0;11591507
1116;23261271;96,2986; ;11591515;1;11591515
1120;23261275;150,40355; ;11591523;1;11591523
1117;23261272;122,8859; ;11591531;1;11591531
1124;23261276;170,6932434; ;11591540;1;11591540
1134;23261304;232,7748334; ;11591558;1;11591558
1130;23262158;58,85935; ;0;0;11591558
1140;23262490;158,3174; ;11591566;1;11591566
1141;23262491;126,4505; ;0;0;11591566
1150;31261769;29,18990395; ;0;0;11591566
873;23261543;143,4205; ;11591574;1;11591574
871;31502044;48,36049999; ;0;0;11591574
869;23261545;144,2694; ;11591582;1;11591582
890;23261612;418,1418; ;11591604;1;11591604
876;23261607;116,0423; ;11591612;1;11591612
919;23261608;34,67813419; ;0;0;11591612
877;23261609;182,39205; ;11591639;1;11591639
878;23261611;83,52890001; ;0;0;11591639
918;23261599;143,8537323; ;11591647;1;11591647
891;23261610;115,9362; ;11591655;1;11591655
881;23261615;58,06665; ;0;0;11591655
887;23261623;149,5905; ;11591663;1;11591663
914;23261593;180,2574; ;11591671;1;11591671
920;23261600;57,84262439; ;0;0;11591671
915;23261592;156,96755; ;11591680;1;11591680
906;23261591;125,8102; ;11591698;1;11591698
905;23261594;85,9408; ;11591701;1;11591701
903;23261595;29,4502; ;0;0;11591701
912;23261598;98,47695; ;11591710;1;11591710
900;23261499;170,02745; ;11591728;1;11591728
908;23261500;206,9693; ;11591736;1;11591736
907;23261505;277,716; ;11591744;1;11591744
513;23261172;186,917; ;11591752;1;11591752
514;23261174;17,89845; ;0;0;11591752
537;23260712;212,06985; ;11591779;1;11591779
512;23261176;117,99795; ;11591787;1;11591787
538;23261297;170,05755; ;11591795;1;11591795
480;23261206;140,34595; ;11591809;1;11591809
500;23261205;12,7829; ;0;0;11591809
539;23261298;186,59925; ;11591817;1;11591817
499;23261207;211,442; ;11591825;1;11591825
541;23261299;169,85565; ;11591833;1;11591833
498;23261212;163,8518; ;11591841;1;11591841
540;23261300;185,908308; ;11591850;1;11591850
497;23261215;139,81715; ;11591868;1;11591868
454;23261301;193,7603; ;11591876;1;11591876
455;23261232;131,1359; ;11591884;1;11591884
453;23261302;209,01975; ;11591892;1;11591892
456;23261360;106,9041; ;11591906;1;11591906
452;23261359;163,89335; ;11591914;1;11591914
440;23261386;349,45345; ;11591922;1;11591922
1076;23262014;421,7948; ;11591949;1;11591949
1088;23262098;329,6590913;POMURSKI SEJEM;11591957;1;11591957
1104;0;100,6857562;POMURSKI SEJEM;0;0;11591957
1106;0;45,27904878;POMURSKI SEJEM;0;0;11591957
1089;23262099;2833,591815;POMURSKI SEJEM;0;0;11591957
1091;23262167;2686,108607;POMURSKI SEJEM;0;0;11591957
1081;23262429;107,481028;POMURSKI SEJEM;0;0;11591957
1080;23262436;68,4365;POMURSKI SEJEM;0;0;11591957
1082;23262438;80,2944;POMURSKI SEJEM;0;0;11591957
1083;23262440;76,61335;POMURSKI SEJEM;0;0;11591957
1084;23262441;113,1594;POMURSKI SEJEM;0;0;11591957
1078;23262444;1361,2021;POMURSKI SEJEM;0;0;11591957
1077;23262445;3725,51285;POMURSKI SEJEM;0;0;11591957
1079;23262447;1874,52875;POMURSKI SEJEM;0;0;11591957
1095;23262448;898,9598329;POMURSKI SEJEM;0;0;11591957
1073;23262452;99,32685;POMURSKI SEJEM;0;0;11591957
1087;23262454;21,1068;POMURSKI SEJEM;0;0;11591957
1085;23262456;26,96250087;POMURSKI SEJEM;0;0;11591957
1086;23262457;75,79111472;POMURSKI SEJEM;0;0;11591957
1090;23262458;121,36615;POMURSKI SEJEM;0;0;11591957
1094;23262460;297,4420161;POMURSKI SEJEM;0;0;11591957
1099;23262461;96,31718022;POMURSKI SEJEM;0;0;11591957
1097;23262462;327,8141473;POMURSKI SEJEM;0;0;11591957
1096;23262463;363,3130733;POMURSKI SEJEM;0;0;11591957
1100;23262471;779,358882;POMURSKI SEJEM;0;0;11591957
1105;23262481;50,31235;POMURSKI SEJEM;0;0;11591957
1102;23262484;461,7548128;POMURSKI SEJEM;0;0;11591957
1074;31454868;57,97945;POMURSKI SEJEM;0;0;11591957
1101;31454876;734,9664;POMURSKI SEJEM;0;0;11591957
1098;31454879;81,3925;POMURSKI SEJEM;0;0;11591957
1093;31454881;236,0336303;POMURSKI SEJEM;0;0;11591957
1092;23262459;137,6380755;POMURSKI SEJEM;11591965;1;11591965
1549;23260611;172,5854571; ;11591981;1;11591981
1545;23260607;123,2733; ;11591990;1;11591990
1550;23260608;150,4669; ;11592007;1;11592007
1552;23260609;222,07415; ;11592015;1;11592015
1551;23260610;204,99405; ;11592023;1;11592023
649;23261248;241,7196337; ;11592031;1;11592031
657;23261169;184,3792; ;11592040;1;11592040
646;23261249;121,6814117; ;11592058;1;11592058
640;23261252;30,5938; ;0;0;11592058
661;23261160;201,9540277; ;11592066;1;11592066
647;23261245;134,3849671; ;11592074;1;11592074
648;23261246;46,47441044; ;0;0;11592074
650;23261156;135,1999; ;11592082;1;11592082
659;23261244;139,6105; ;11592104;1;11592104
658;31307684;22,17910001; ;0;0;11592104
1638;23260798;1299,659699; ;11592112;1;11592112
1624;23261403;182,2628; ;0;0;11592112
1627;23260800;77,86; ;11592139;1;11592139
1625;23260801;25,707; ;0;0;11592139
1626;31198979;44,3062; ;0;0;11592139
1631;32711834;47,2327; ;0;0;11592139
1642;23260788;181,7089917; ;11592147;1;11592147
1636;23260805;146,3658369; ;11592155;1;11592155
1637;23260803;89,82246851; ;0;0;11592155
1633;23260804;40,5532; ;0;0;11592155
1641;23260786;139,5451; ;11592163;1;11592163
1630;23260806;254,0737; ;11592171;1;11592171
1640;23260784;160,25935; ;11592180;1;11592180
1582;23260856;180,29335; ;11592198;1;11592198
1584;23260852;99,1096483; ;11592201;1;11592201
1586;23260853;28,0746; ;0;0;11592201
1594;23260833;115,62985; ;11592210;1;11592210
1589;23260834;31,83575; ;0;0;11592210
1581;23260854;442,245; ;11592228;1;11592228
1593;23260832;268,5767; ;11592236;1;11592236
1590;23260831;135,99245; ;0;0;11592236
1592;23260849;172,7828; ;11592244;1;11592244
1610;23260835;38,6216; ;0;0;11592244
1125;23261278;136,35445; ;11592252;1;11592252
1126;23261279;142,523; ;0;0;11592252
1119;23262157;103,9148; ;11592279;1;11592279
1133;23262488;125,6429; ;11592287;1;11592287
1129;23262486;60,77145001; ;0;0;11592287
1562;23260624;191,5812; ;11592295;1;11592295
1554;23260625;231,3957793; ;11592309;1;11592309
1557;23260622;308,7534; ;11592317;1;11592317
1560;23260628;135,2861; ;11592325;1;11592325
1559;23260620;191,5738575; ;11592333;1;11592333
1556;23260619;85,7675; ;0;0;11592333
1558;23260627;161,8988; ;11592341;1;11592341
376;23261802;148,88025; ;11592350;1;11592350
377;23261816;35,26494497; ;0;0;11592350
374;23261803;135,9928; ;11592368;1;11592368
375;23261804;55,69685; ;0;0;11592368
373;23261795;218,4756704; ;11592376;1;11592376
371;23261794;151,0042; ;11592384;1;11592384
370;23261793;278,9413; ;11592392;1;11592392
1049;23262411;947,4463554; ;11592414;1;11592414
1048;23262403;22,2773; ;0;0;11592414
1028;23262400;1277,75315; ;11592449;1;11592449
1032;23262399;44,02187741; ;0;0;11592449
1034;23262137;1875,8686; ;11592473;1;11592473
651;23261161;267,85075; ;11592503;1;11592503
665;23261164;124,0213133; ;0;0;11592503
662;23261158;174,9337596; ;11592511;1;11592511
656;23261154;198,01835; ;11592520;1;11592520
654;23261153;95,5531; ;11592538;1;11592538
666;23261148;155,1496; ;11592546;1;11592546
423;23261745;202,46815; ;11592554;1;11592554
433;23261368;218,3346; ;11592562;1;11592562
432;23261388;152,725; ;11592589;1;11592589
431;23261396;95,87735; ;11592597;1;11592597
1169;23262268;213,5228; ;11592619;1;11592619
1157;23262217;56,0936; ;0;0;11592619
1172;23262218;198,871088; ;11592627;1;11592627
1167;23262284;143,062031; ;11592635;1;11592635
1158;23262283;16,7476; ;0;0;11592635
1171;23262267;220,6129; ;11592643;1;11592643
1168;23262176;94,03486966; ;11592651;1;11592651
1154;23262175;28,18135; ;0;0;11592651
1174;23262346;112,30805; ;11592660;1;11592660
1173;23262347;85,64080001; ;0;0;11592660
1043;23261996;240,3734623; ;11592678;1;11592678
1057;23262001;965,60285; ;11592686;1;11592686
1040;23261994;250,71825; ;11592694;1;11592694
1037;20742794;368,6253; ;11592708;1;11592708
1041;20742798;301,2424; ;11592716;1;11592716
1051;23262113;249,51475; ;11592724;1;11592724
1039;20742796;367,36535; ;11592732;1;11592732
1052;23262112;528,16165; ;11592767;1;11592767
1046;23262109;374,27485; ;11592775;1;11592775
1045;23262110;313,74815; ;11592783;1;11592783
1044;23262111;373,5748; ;11592791;1;11592791
350;23261812;163,3243; ;11592813;1;11592813
25;23262311;157,8483; ;11592821;1;11592821
26;0;123,4338284; ;0;0;11592821
28;23262316;142,23455; ;11592830;1;11592830
27;0;66,32376741; ;0;0;11592830
355;23262317;128,06875; ;11592848;1;11592848
356;23262318;57,12695; ;0;0;11592848
1215;23262195;116,0792; ;11592864;1;11592864
1214;23262229;315,15515; ;0;0;11592864
1216;23262282;115,466; ;11592872;1;11592872
1217;23262287;55,4029; ;0;0;11592872
1222;23262288;209,331263; ;11592899;1;11592899
1219;23262291;208,907; ;11592902;1;11592902
1228;23262298;134,3589348; ;11592929;1;11592929
1229;23262310;146,9202; ;11592937;1;11592937
1224;34298704;90,38460001; ;0;0;11592937
1227;23262297;113,8257; ;11592945;1;11592945
1225;23262300;37,24015215; ;0;0;11592945
1226;23262304;127,3837; ;11592953;1;11592953
1223;23262309;264,5453; ;11592961;1;11592961
593;23261092;212,3318323; ;11592988;1;11592988
587;23261095;147,8022; ;11592996;1;11592996
584;23261097;151,2119; ;11593003;1;11593003
594;23261098;96,8222; ;0;0;11593003
396;23261789;135,22465; ;11593011;1;11593011
386;23262143;183,6099; ;0;0;11593011
392;23261785;138,9564; ;11593020;1;11593020
391;23261780;142,7812; ;11593038;1;11593038
390;23261779;156,72255; ;11593046;1;11593046
389;23261778;138,28565; ;11593054;1;11593054
388;23261776;140,59405; ;11593062;1;11593062
387;23261777;112,07275; ;0;0;11593062
1033;23262171;709,93175; ;11593097;1;11593097
1038;23261998;1091,16415; ;11593127;1;11593127
1047;23262114;664,7276; ;11593135;1;11593135
422;23261735;169,11385; ;11593160;1;11593160
427;23261736;198,53225; ;0;0;11593160
424;23261741;116,88305; ;11593178;1;11593178
438;31317717;24,4154; ;0;0;11593178
5;23261743;115,1209042; ;11593186;1;11593186
425;23261742;44,90585; ;0;0;11593186
426;23261744;173,044; ;11593194;1;11593194
7;23261750;152,7713068; ;11593208;1;11593208
6;0;136,5251814; ;0;0;11593208
552;23261112;4003,32545; ;11593216;1;11593216
567;23261943;37,3804; ;0;0;11593216
569;31503094;13,2113; ;0;0;11593216
570;23261942;149,53505; ;11593224;1;11593224
566;23261941;222,9166; ;11593232;1;11593232
572;23262136;42,7303599; ;0;0;11593232
573;23261104;149,90565; ;11593267;1;11593267
575;23261107;158,57735; ;11593275;1;11593275
576;23261108;56,46345; ;0;0;11593275
577;23261109;160,8221; ;0;0;11593275
574;23261939;188,79945; ;11593283;1;11593283
582;23261100;124,0883; ;11593291;1;11593291
581;23261084;230,0776; ;11593305;1;11593305
583;23261101;149,74845; ;11593313;1;11593313
588;23261082;244,3526; ;11593321;1;11593321
589;23261081;69,09480001; ;0;0;11593321
585;23261099;243,32545; ;11593330;1;11593330
598;23261080;283,3039048; ;11593348;1;11593348
597;32416128;130,8568; ;0;0;11593348
586;23261094;131,29895; ;11593356;1;11593356
590;23261091;242,544009; ;11593364;1;11593364
489;23261223;323,1148; ;11593372;1;11593372
448;23261229;142,5947; ;11593399;1;11593399
484;23261216;224,64035; ;11593402;1;11593402
449;23261228;167,26625; ;11593429;1;11593429
782;23260869;222,1185999; ;11593437;1;11593437
781;23260863;112,6405619; ;11593445;1;11593445
784;23260862;48,30575; ;0;0;11593445
773;23260864;167,3787; ;11593453;1;11593453
783;0;140,1367333; ;0;0;11593453
777;31320568;52,08270521; ;0;0;11593453
1605;23260836;255,49065; ;11593461;1;11593461
1599;23260824;112,10165; ;11593470;1;11593470
1591;23260847;121,8288; ;11593488;1;11593488
1595;23260825;176,08405; ;11593496;1;11593496
1596;23260827;173,7645; ;11593500;1;11593500
1597;23260828;103,26755; ;0;0;11593500
1619;23260821;125,9419; ;11593518;1;11593518
1598;23260822;40,5916; ;0;0;11593518
1617;23260817;118,9279; ;11593526;1;11593526
1618;23260818;25,7604; ;0;0;11593526
1620;23260819;119,6010731; ;11593534;1;11593534
1621;23260820;83,20049639; ;0;0;11593534
1613;23260816;128,71455; ;11593542;1;11593542
1614;23260807;244,8019; ;11593569;1;11593569
1615;23260811;217,3706; ;11593577;1;11593577
1163;23262504;135,30405; ;11593585;1;11593585
1161;23262501;44,53210948; ;0;0;11593585
1144;23262499;239,7888129; ;11593593;1;11593593
1151;23262498;27,90462664; ;0;0;11593593
1164;23262505;243,6881445; ;11593607;1;11593607
1156;23262507;19,66555; ;0;0;11593607
1162;35506754;32,47349471; ;0;0;11593607
1145;23262497;151,94825; ;11593615;1;11593615
1146;23262496;21,3898; ;0;0;11593615
1160;23262500;242,2354988; ;11593623;1;11593623
1159;23262502;242,2853955; ;11593631;1;11593631
410;23261625;125,56645; ;11593640;1;11593640
411;23261626;63,5387; ;0;0;11593640
409;23261291;136,6938; ;11593658;1;11593658
404;23261290;82,20484999; ;0;0;11593658
407;23261401;205,07765; ;11593666;1;11593666
408;23261294;168,16465; ;11593674;1;11593674
405;23261292;79,187; ;0;0;11593674
412;23261402;193,4418; ;11593682;1;11593682
413;23262130;42,37005; ;0;0;11593682
406;23261293;130,09695; ;11593704;1;11593704
401;23261296;56,56665; ;0;0;11593704
403;23261774;204,5187; ;11593712;1;11593712
379;23261801;223,3792958; ;11593739;1;11593739
380;23261800;28,83755; ;0;0;11593739
399;23261788;155,076; ;11593747;1;11593747
381;23261797;113,2144; ;11593755;1;11593755
397;23261784;139,27315; ;11593763;1;11593763
383;23261792;147,477; ;11593771;1;11593771
382;23261796;56,53302941; ;0;0;11593771
395;23261783;70,8864; ;11593780;1;11593780
384;23261791;159,6144295; ;11593798;1;11593798
385;0;46,96572128; ;0;0;11593798
394;23261782;152,5488; ;11593801;1;11593801
359;31272062;37,93674999; ;0;0;11593801
364;23261790;162,1518; ;11593810;1;11593810
393;23261781;116,4616; ;11593828;1;11593828
473;23261233;194,6478633; ;11593836;1;11593836
460;23261230;134,2541142; ;11593844;1;11593844
450;23261231;28,9233; ;0;0;11593844
470;23261372;247,5252; ;11593852;1;11593852
472;23261376;20,53205; ;0;0;11593852
447;23261361;104,2713; ;11593879;1;11593879
458;23261367;180,5859595; ;11593887;1;11593887
459;23261370;143,53775; ;0;0;11593887
1568;23260600;212,20305; ;11593895;1;11593895
1571;23260623;199,2885556; ;11593917;1;11593917
1567;23260599;121,30495; ;11593925;1;11593925
1564;23260618;125,5138; ;11593933;1;11593933
1563;23260617;51,4952; ;0;0;11593933
1566;23260598;180,92815; ;11593941;1;11593941
1565;23260597;255,01085; ;11593950;1;11593950
1149;23262492;227,2329; ;11593968;1;11593968
1127;23262489;154,0282; ;11593976;1;11593976
1142;23262493;132,48235; ;11593984;1;11593984
1143;23262495;140,2118; ;11593992;1;11593992
1147;23262494;142,8510595; ;0;0;11593992
437;23261737;141,9114373; ;11594000;1;11594000
436;31317617;33,50685; ;0;0;11594000
434;23261740;183,3668; ;11594018;1;11594018
435;31317756;23,62795; ;0;0;11594018
466;23261373;259,8507936; ;11594026;1;11594026
471;23261385;38,3738; ;0;0;11594026
444;23261365;106,62555; ;11594034;1;11594034
457;23261363;104,86395; ;11594042;1;11594042
445;23261364;112,08485; ;11594069;1;11594069
595;23261086;150,2762; ;11596053;1;11596053
596;23261087;14,102; ;0;0;11596053
591;23261088;133,0379; ;11596061;1;11596061
604;0;43,96599928; ;0;0;11596061
592;23261089;61,02245; ;0;0;11596061
600;23260938;276,9549; ;11596070;1;11596070
599;23260939;72,8837; ;0;0;11596070
601;23260934;254,756;Ni možno;11596088;1;11596088
603;23260936;48,11179999;Ni možno;0;0;11596088
602;31211684;49,6328;Ni možno;0;0;11596088
609;23260932;104,57345; ;11596096;1;11596096
610;23260933;126,5180013; ;0;0;11596096
613;23260930;163,8483258; ;11596100;1;11596100
612;23260928;41,30150488; ;0;0;11596100
611;23260927;164,86835; ;11596118;1;11596118
614;23260925;42,1629; ;0;0;11596118
615;23260926;62,65575; ;0;0;11596118
1259;23262373;143,71745; ;11609309;1;11609309
1262;23262374;259,9644045; ;0;0;11609309
1258;23262372;113,62215; ;11609317;1;11609317
1361;23280396;148,3932; ;11609333;1;11609333
1362;23280290;257,45665; ;0;0;11609333
1360;23280397;265,67105; ;11609341;1;11609341
1364;23280463;104,704; ;0;0;11609341
1363;23280465;184,16725; ;11609350;1;11609350
1365;23280464;97,21235; ;0;0;11609350
1352;23280612;150,8751; ;11609376;1;11609376
1354;23280291;227,1876; ;0;0;11609376
1355;23280634;240,6617; ;0;0;11609376
1353;23280635;64,831; ;0;0;11609376
1356;23280526;335,53785;Ni priključen na kanalizacijo - ni možno;11609384;1;11609384
1344;23280295;84,77110001; ;0;0;11609384
1358;23280636;64,71475;Ni priključen na kanalizacijo - ni možno;0;0;11609384
1359;23280663;143,42895;Ni priključen na kanalizacijo - ni možno;0;0;11609384
1325;23280527;419,1637; ;11609392;1;11609392
1332;35885755;72,28; ;0;0;11609392
1326;23280665;400,1631; ;11609406;1;11609406
1328;23280164;15,621; ;0;0;11609406
1329;23280440;154,9189; ;0;0;11609406
1327;23280666;167,998; ;0;0;11609406
1333;23280443;186,5403; ;11609414;1;11609414
1341;23280229;138,3812; ;0;0;11609414
1334;23280415;165,75175; ;0;0;11609414
1337;23280416;130,5666372; ;0;0;11609414
1338;23280417;56,5786; ;0;0;11609414
1335;23280441;312,7051; ;0;0;11609414
1336;23280442;176,2720742; ;0;0;11609414
1331;23280176;237,1668; ;11609422;1;11609422
1330;23280175;104,5733; ;0;0;11609422
1340;23280304;366,6472722; ;0;0;11609422
1339;23280418;331,1993433; ;0;0;11609422
1321;23280371;244,0059625; ;11609449;1;11609449
1320;31322495;51,4737; ;0;0;11609449
1322;23280393;137,27375; ;11609457;1;11609457
1324;23280227;121,48835; ;0;0;11609457
1323;23280228;41,4976; ;0;0;11609457
1318;23280498;127,3981; ;11609473;1;11609473
1316;23280497;50,45579999; ;0;0;11609473
1317;23280453;218,5316487; ;11609481;1;11609481
1319;23280452;246,5582715; ;0;0;11609481
1310;23280488;125,182258; ;11609490;1;11609490
1304;23280489;54,3774; ;0;0;11609490
1314;23280391;213,737; ;11609503;1;11609503
1312;23280382;180,1103; ;0;0;11609503
1315;23280383;82,08175; ;0;0;11609503
1313;23280392;394,8665165; ;0;0;11609503
1301;23280405;167,035; ;11609511;1;11609511
1309;23280389;582,3820482; ;11609520;1;11609520
1295;23280404;223,1236; ;11609538;1;11609538
1297;23280407;147,90855; ;11609546;1;11609546
1296;23280529;84,04535; ;0;0;11609546
1298;32499612;120,45445; ;0;0;11609546
1306;23280545;238,7691; ;11609554;1;11609554
1303;23280381;496,00755; ;0;0;11609554
1307;23280487;90,38399999; ;0;0;11609554
1305;23280546;117,2165133; ;0;0;11609554
1308;23280548;264,435668; ;0;0;11609554
1386;23280357;361,2034264; ;11609562;1;11609562
1391;23280380;162,64505; ;11609589;1;11609589
1390;23280495;112,4031; ;0;0;11609589
1350;23280356;221,9700955; ;11609597;1;11609597
1351;23280355;79,15547868; ;0;0;11609597
1389;23280360;266,5229222; ;11609619;1;11609619
1387;23280358;586,0096372; ;0;0;11609619
1388;23280359;280,589137; ;0;0;11609619
1346;23280231;112,9462; ;11609627;1;11609627
1347;23280569;283,95435; ;0;0;11609627
1345;23280568;169,6262; ;11609635;1;11609635
1343;23280296;154,8013; ;11609643;1;11609643
1349;23280297;243,8367371; ;0;0;11609643
1342;23280298;54,9367; ;0;0;11609643
1826;23280191;53,8806;;11609651;1;11609651
1827;23280192;315,9285;;;0;11609651
1374;23280518;424,80755; ;11609660;1;11609660
1370;23280189;427,01785; ;0;0;11609660
1375;23280517;55,7724; ;0;0;11609660
1369;23280588;430,8625; ;11609678;1;11609678
1372;23280458;119,2552; ;0;0;11609678
1373;23280459;60,94974999; ;0;0;11609678
1371;23280587;165,1676; ;11609686;1;11609686
1376;0;95,69176633; ;0;0;11609686
1368;23280312;301,26165; ;11609694;1;11609694
1366;23280313;173,19425; ;0;0;11609694
1367;33136660;49,35345; ;0;0;11609694
1384;23280597;131,8501313; ;11609716;1;11609716
1385;32714695;150,1493789; ;0;0;11609716
1378;23280455;107,0736; ;11609724;1;11609724
1377;32727756;272,18935; ;0;0;11609724
1381;23280387;132,8653; ;11609732;1;11609732
1379;23280386;100,5839; ;11609759;1;11609759
1380;23280385;109,424693; ;0;0;11609759
1299;23280403;128,49195; ;11609767;1;11609767
1294;23280388;41,31105; ;0;0;11609767
1290;23280252;169,9787138; ;11609775;1;11609775
1291;23280311;125,2431985; ;0;0;11609775
1288;23280669;100,0806; ;11609783;1;11609783
1284;23280668;60,13310001; ;0;0;11609783
1287;23280271;193,1057914; ;11609791;1;11609791
1286;23280667;53,98280039; ;0;0;11609791
1280;23280269;187,9662537; ;11609805;1;11609805
1281;23280270;116,0314322; ;0;0;11609805
1276;23280299;162,68335; ;11609821;1;11609821
1278;23280300;148,2883; ;11609830;1;11609830
1282;0;120,6963705; ;0;0;11609830
1279;31478942;78,56887358; ;0;0;11609830
1275;23280184;183,40785; ;11609848;1;11609848
1273;23280182;153,5103; ;11609856;1;11609856
1274;23280183;140,7065437; ;0;0;11609856
1809;23298304;248,890736; ;11612059;1;11612059
1789;23298484;531,9154; ;11612067;1;11612067
1788;23298445;211,21815; ;11612075;1;11612075
1791;23298440;197,25055; ;0;0;11612075
1768;23298300;190,68985; ;11612091;1;11612091
1769;23298314;101,31935; ;0;0;11612091
1762;23298474;948,34855;GRAD NEGOVA;11612105;1;11612105
1765;23298442;97,4739;GRAD NEGOVA;0;0;11612105
1767;23298475;744,1792088;GRAD NEGOVA;0;0;11612105
1766;23298478;102,7633925;GRAD NEGOVA;0;0;11612105
1764;23298491;466,12775;GRAD NEGOVA;0;0;11612105
1763;23298492;43,5987;GRAD NEGOVA;0;0;11612105
1773;23298506;321,32105; ;11612113;1;11612113
1786;23298265;226,15195;Ni možno na kanal.;11612121;1;11612121
1774;23298315;167,3838; ;11612130;1;11612130
1775;23298323;102,6853; ;0;0;11612130
1771;23298391;432,7106; ;11612148;1;11612148
1772;23298390;539,22885; ;11612156;1;11612156
1780;23298451;308,6734; ;0;0;11612156
1785;23298279;102,0472;Ni možno na kanal.;11612164;1;11612164
1781;23298452;416,79995; ;11612172;1;11612172
1782;23298473;21,45139106; ;0;0;11612172
1787;23298299;258,09335;Ni možno na kanal.;11612199;1;11612199
1778;23298472;188,49355; ;11612202;1;11612202
1779;23298460;209,3838; ;11612229;1;11612229
1812;23298280;309,990003; ;11612237;1;11612237
1811;23298285;230,0856583; ;11612245;1;11612245
1805;32416362;38,839; ;0;0;11612245
1796;23298281;151,62525; ;11612253;1;11612253
1807;32416366;16,36945; ;0;0;11612253
1802;23298436;172,0392; ;11612261;1;11612261
1804;32416364;47,5755; ;0;0;11612261
1794;23298435;177,4188; ;11612270;1;11612270
1801;23298258;193,50705; ;11612288;1;11612288
1798;23298466;202,80935; ;11612296;1;11612296
1797;23298465;189,39165; ;11612318;1;11612318
1795;23298240;156,3398; ;11612326;1;11612326
1800;23298257;132,903; ;0;0;11612326
1799;23298241;153,70815; ;11612334;1;11612334
1816;23298501;183,9712; ;11612342;1;11612342
1817;23298502;260,98885; ;11612369;1;11612369
400;23262144;596,97045; ;11613322;1;11613322
1429;23261355;364,1991369; ;11613349;1;11613349
1427;23261350;289,4910808; ;0;0;11613349
1428;23261354;131,7823668; ;0;0;11613349
1425;23261356;233,9894758; ;11613357;1;11613357
1424;23261353;71,78721699; ;0;0;11613357
1426;23261357;213,2398; ;11613365;1;11613365
1422;23261351;137,8362; ;11613373;1;11613373
1423;23261352;39,68847668; ;0;0;11613373
1421;32412338;297,3985; ;0;0;11613373
1431;23261346;173,8114982; ;11613381;1;11613381
1434;23261342;184,5606923; ;11613390;1;11613390
1433;23261343;56,2893; ;0;0;11613390
1436;23261341;191,1924927; ;11613403;1;11613403
1438;23261340;63,6073; ;0;0;11613403
1435;23261339;192,26545; ;11613411;1;11613411
1439;23261337;47,7137; ;0;0;11613411
1437;23261344;251,2344531; ;11613420;1;11613420
1440;23261330;150,8251; ;11613438;1;11613438
1442;23261338;200,2299; ;11613446;1;11613446
1430;23261336;22,0242; ;0;0;11613446
1441;23261335;145,71305; ;11613454;1;11613454
1448;23261328;156,5581; ;11613462;1;11613462
1447;23261332;153,7992; ;11613489;1;11613489
1446;23261333;26,4748; ;0;0;11613489
1454;23261331;250,23845; ;11613497;1;11613497
1445;23261327;110,187; ;11613519;1;11613519
1449;23261326;23,5932; ;0;0;11613519
1450;31248251;38,3989; ;0;0;11613519
1456;23261322;189,2564; ;11613527;1;11613527
1462;23261320;121,5037; ;11613535;1;11613535
1463;23261321;32,4412; ;0;0;11613535
1461;23261315;358,94385; ;11613543;1;11613543
1465;23261314;30,7494; ;0;0;11613543
1464;23261313;141,8506; ;11613551;1;11613551
1473;23261312;153,0755; ;11613560;1;11613560
1474;23261317;45,15085353; ;0;0;11613560
1481;23261128;243,3287; ;11613578;1;11613578
1480;23261131;380,98055; ;11613586;1;11613586
1482;23260999;190,695; ;11613594;1;11613594
1483;23261000;178,6767613; ;11613608;1;11613608
1460;23261001;218,36765; ;11613616;1;11613616
1459;23261002;306,40935; ;0;0;11613616
1467;23261012;139,5289; ;11613632;1;11613632
1477;23261013;84,38764463; ;0;0;11613632
1476;23261015;37,15007714; ;0;0;11613632
1479;23261017;240,5533656; ;11613659;1;11613659
1478;23261019;238,58695; ;11613667;1;11613667
633;23260964;101,42245; ;11613721;1;11613721
632;23260965;141,53135; ;11613730;1;11613730
631;23260958;170,66985; ;11613756;1;11613756
628;23260961;177,64925; ;11613764;1;11613764
629;23260960;131,5253; ;0;0;11613764
630;23260957;225,51855; ;11613772;1;11613772
627;23260955;200,1134761; ;11613799;1;11613799
623;23260956;206,92355; ;11613802;1;11613802
625;23260954;183,42125; ;11613829;1;11613829
624;23260950;113,5336; ;11613837;1;11613837
622;23260951;164,3614; ;0;0;11613837
626;23260953;56,41903082; ;0;0;11613837
620;23260949;186,3948; ;11613845;1;11613845
621;23260948;106,9739; ;0;0;11613845
619;23260947;204,2336393; ;11613853;1;11613853
618;23260943;243,0249; ;11613861;1;11613861
616;23260946;143,32435; ;0;0;11613861
608;23260941;96,49035; ;11613870;1;11613870
1644;23260590;189,14325; ;11619002;1;11619002
1660;23260699;172,5330966; ;11619029;1;11619029
1656;23260700;77,45924999; ;0;0;11619029
1657;23260655;87,162; ;11619037;1;11619037
1663;0;71,94719823; ;0;0;11619037
1662;23260654;162,8554646; ;0;0;11619037
1661;23260861;3966,5786; ;11619045;1;11619045
1666;23260653;200,6729946; ;11619053;1;11619053
1669;0;92,45469117; ;0;0;11619053
1668;23260650;30,9918326; ;0;0;11619053
1667;23260652;69,35710016; ;0;0;11619053
1665;31219052;126,9198923; ;11619061;1;11619061
1653;23260697;64,6625; ;0;0;11619061
1654;23260698;86,583; ;0;0;11619061
1658;31219050;27,5314; ;0;0;11619061
1664;23260696;74,59083949; ;11619070;1;11619070
1659;23260649;176,03425; ;11619088;1;11619088
1652;23260693;121,1182; ;11619096;1;11619096
1655;23260695;167,27005; ;0;0;11619096
1674;23260690;134,87755; ;11619100;1;11619100
1651;23260691;142,82115; ;0;0;11619100
1678;23260689;154,5065; ;11619118;1;11619118
1680;0;37,7172324; ;0;0;11619118
1673;23260687;556,70945; ;11619126;1;11619126
1677;23260685;242,7948; ;11619142;1;11619142
1687;23260683;62,21044442; ;0;0;11619142
1675;23260684;170,2041; ;0;0;11619142
1672;23260673;101,1188; ;11619169;1;11619169
1671;23260672;169,04395; ;0;0;11619169
1676;23260681;172,81875; ;11619185;1;11619185
1670;23260680;137,531; ;11619193;1;11619193
1685;23260678;182,0037; ;11619207;1;11619207
1684;23260670;137,66275; ;11619215;1;11619215
1683;23260675;218,69605; ;11619223;1;11619223
1691;23260669;263,1309911; ;11619231;1;11619231
1689;23260665;113,83205; ;11619240;1;11619240
1690;23260666;243,9378684; ;0;0;11619240
1688;23260664;182,33125; ;11619258;1;11619258
1692;23260644;205,0662; ;11619339;1;11619339
1679;23260647;210,8225; ;11619347;1;11619347
1681;23260645;796,6164193; ;0;0;11619347
1682;31219064;107,40815; ;0;0;11619347
1694;23260640;220,38955; ;11619355;1;11619355
1695;23260641;42,7696; ;0;0;11619355
1696;23260642;127,32585; ;11619363;1;11619363
1698;23260635;213,17675; ;11619371;1;11619371
1697;23260634;363,86265; ;0;0;11619371
1699;23260637;170,0041342; ;0;0;11619371
1704;23260258;171,18295; ;11619398;1;11619398
1702;23260256;207,3994; ;11619401;1;11619401
1701;23260251;49,56734999; ;0;0;11619401
1708;23260255;95,07038694; ;0;0;11619401
1703;23260257;308,00955; ;0;0;11619401
1706;23260253;98,13733256; ;11619410;1;11619410
1700;23260250;149,22025; ;0;0;11619410
1707;23260254;117,825; ;0;0;11619410
1714;23260240;120,23175; ;11619428;1;11619428
1710;23260241;210,6764; ;0;0;11619428
1709;23260243;157,716; ;11619436;1;11619436
1822;0;235,9942211; ;0;0;11619436
1711;23260244;213,8967; ;0;0;11619436
1712;23260238;209,3186; ;11619444;1;11619444
1713;23260239;79,6805; ;0;0;11619444
1728;23260232;371,0974329; ;11619452;1;11619452
1729;23260229;410,6507; ;0;0;11619452
1727;23260237;148,8522; ;11619479;1;11619479
1716;23260228;170,04575; ;11619487;1;11619487
1722;23260227;161,7317; ;11619495;1;11619495
1720;23260225;111,5178; ;0;0;11619495
1721;23260226;149,2708; ;11619509;1;11619509
1719;23260224;173,99095; ;11619517;1;11619517
1715;31311870;56,2001; ;0;0;11619517
1725;23260234;212,24365; ;11619525;1;11619525
1733;23260221;153,0324735; ;11619533;1;11619533
1718;23260223;67,50345; ;0;0;11619533
1723;23260220;257,52785; ;11619550;1;11619550
1737;23260218;151,3469892; ;0;0;11619550
1736;23260219;122,4426; ;0;0;11619550
1739;23260049;172,6610346; ;11619568;1;11619568
1738;23260050;164,1840334; ;0;0;11619568
1744;23260051;148,1978; ;11619576;1;11619576
1743;23259784;67,7811; ;0;0;11619576
1742;23259781;150,7406; ;11619584;1;11619584
1745;23259782;143,4051386; ;11619592;1;11619592
532;23261135;144,99705; ;16171476;1;16171476
533;23261136;56,17497249; ;0;0;16171476
1628;23260799;222,6264; ;16171522;1;16171522
1717;33869882;97,3264; ;16343854;1;16343854
1724;23260235;161,0088; ;0;0;16343854
1029;23262397;264,1937; ;16343897;1;16343897
1030;23262398;105,2547012; ;0;0;16343897
258;23279805;174,9734; ;16354821;1;16354821
188;23279546;210,9863; ;16354902;1;16354902
605;23260929;170,7447; ;16390950;1;16390950
964;23262002;43,3955; ;16390976;1;16390976
253;23279806;210,6594; ;16391018;1;16391018
294;23279633;221,50195; ;16391212;1;16391212
1508;23261042;195,332; ;16394963;1;16394963
1777;23298324;57,5593; ;16394980;1;16394980
965;23262004;39,5337; ;16403806;1;16403806
1348;23280567;164,3492; ;16551279;1;16551279
957;23262039;156,59425; ;16551287;1;16551287
1267;23262177;296,9075; ;19117928;1;19117928
1265;23262233;512,9534; ;0;0;19117928
1266;23262234;209,5929; ;0;0;19117928
1247;23262221;488,1855803; ;19117936;1;19117936
1246;31450756;1124,08448;MORGANA;0;0;19117936
1622;23260809;188,7626696; ;19117952;1;19117952
2;23261753;262,5978;Ni možno;19118207;1;19118207
263;23261842;167,0931; ;19119408;1;19119408
1609;23260830;111,2044; ;19119513;1;19119513
1612;0;64,75963682; ;0;0;19119513
578;23261110;139,69035; ;19119530;1;19119530
1256;23262327;326,2071; ;19119807;1;19119807
1255;23262192;64,3947; ;0;0;19119807
1254;23262370;276,2483; ;0;0;19119807
211;23279961;258,1993; ;19120074;1;19120074
176;23279621;180,45105; ;19120112;1;19120112
677;23261983;185,7486; ;19120244;1;19120244
362;23261806;247,9314; ;19122042;1;19122042
260;23279803;163,7201; ;19122093;1;19122093
261;23279817;154,0197; ;0;0;19122093
1490;23261825;293,4567; ;19122123;1;19122123
1300;23280530;325,51015; ;19122166;1;19122166
212;23279962;125,408; ;19122247;1;19122247
210;23279916;40,3728; ;0;0;19122247
700;23262087;270,8346994; ;19123227;1;19123227
279;23261843;137,571; ;19123235;1;19123235
207;31208713;226,6381; ;19123294;1;19123294
696;23261979;310,2202002; ;19123626;1;19123626
1784;23298266;171,2756;Ni možno na kanal.;19124665;1;19124665
956;23262038;265,18605; ;19124738;1;19124738
189;23279547;142,77335; ;19124789;1;19124789
1455;23261324;174,2615428; ;19124924;1;19124924
275;31472538;201,3829; ;19125017;1;19125017
223;23279960;255,8571; ;19125025;1;19125025
220;31208730;31,6437; ;0;0;19125025
1588;23260845;324,9737873; ;19125076;1;19125076
1587;0;68,69674826; ;0;0;19125076
1585;23260855;68,15064999; ;0;0;19125076
1499;23261047;134,448; ;19125114;1;19125114
159;23279984;255,37265; ;19125181;1;19125181
158;23279937;210,83145; ;0;0;19125181
1230;23262329;249,63245; ;19125343;1;19125343
280;23261850;161,67645; ;19125386;1;19125386
205;31208732;223,47625; ;19125726;1;19125726
208;31208734;56,87277473; ;0;0;19125726
1035;30226994;1738,8174; ;19125840;1;19125840
892;23261635;332,942225; ;19125947;1;19125947
441;31500907;247,9749144; ;19126030;1;19126030
175;23279622;134,0681; ;19126293;1;19126293
1221;23262281;244,8261259; ;19126323;1;19126323
298;23279631;225,522341; ;19126366;1;19126366
969;23262045;67,77883875; ;19126536;1;19126536
1013;31269378;230,6055; ;19127770;1;19127770
1583;31320551;1067,39925; ;19127800;1;19127800
1792;23298419;308,1132; ;19127826;1;19127826
1409;23262236;849,8696; ;19127958;1;19127958
1403;30613161;992,99355; ;19127966;1;19127958
1400;0;946,3746769; ;0;0;19127958
1401;0;239,7599162; ;0;0;19127958
1408;23262202;2294,80255; ;0;0;19127958
1405;32256309;3541,0211; ;0;0;19127958
1406;32256311;5903,1695; ;0;0;19127958
953;23262047;28,04715; ;19128075;1;19128075
954;23262048;40,9068; ;19128083;1;19128083
780;23260858;281,8334074; ;19128270;1;19128270
195;31208728;167,91295; ;19128407;1;19128407
1075;23261918;400,37135; ;19128415;1;19128415
232;31208741;249,2375126; ;19128547;1;19128547
369;23261808;158,8228; ;19128725;1;19128725
1245;31449134;960,00275; ;19128750;1;19128750
1443;31248253;174,51755; ;19129071;1;19129071
1451;31248255;25,6227; ;0;0;19129071
1270;23262198;3473,754292; ;19129411;1;19129411
1271;23262197;4773,264079; ;0;0;19129411
1825;31332351;0;;;;19129411
1269;31210817;1906,50075; ;19129446;1;19129446
1410;31317862;199,8445; ;19129489;1;19129489
1806;31321611;246,9788; ;19129519;1;19129519
1793;32206690;16,5283; ;0;0;19129519
1815;31321621;229,7002; ;19129675;1;19129675
741;23261465;136,36015; ;19129705;1;19129705
1394;30961308;5103,35905; ;19129721;1;19129721
1393;34541702;1302,57185; ;0;0;19129721
1395;35211740;2006,81295; ;0;0;19129721
1396;35211742;1205,7628; ;0;0;19129721
1412;31480213;882,2731059; ;19129730;1;19129730
1404;31480219;82,41410001; ;0;0;19129730
1731;31311872;201,8229033; ;19129748;1;19129748
1732;23260230;39,61115; ;0;0;19129748
1730;23260231;211,8713052; ;0;0;19129748
1218;23262290;139,0205; ;19129802;1;19129802
351;31462228;272,48785; ;19129837;1;19129837
354;0;163,577398; ;0;0;19129837
617;23260942;143,88; ;19129845;1;19129845
1498;23261052;132,3191585; ;19129870;1;19129870
1497;32413307;40,93565; ;0;0;19129870
1250;31449126;302,2643603; ;19129888;1;19129888
1257;31348002;160,8374; ;19129896;1;19129896
1261;31348004;600,0484001; ;0;0;19129896
967;23262003;37,1164; ;19129918;1;19129918
968;23262006;131,2176207; ;19129926;1;19129926
966;23262005;37,2471; ;19129934;1;19129934
1211;31500978;1988,51695; ;19129969;1;19129969
1208;32052682;21,2175; ;0;0;19129969
372;23261807;192,02665; ;19130100;1;19130100
1264;31885271;8857,12165; ;19130134;1;19130134
360;23261805;230,7456; ;19130169;1;19130169
378;0;71,35700818; ;0;0;19130169
776;31743867;188,1934731; ;19130207;1;19130207
772;32134117;54,2591; ;0;0;19130207
1407;31885273;7235,00345; ;19130266;1;19130266
1466;31450739;197,27105; ;19130274;1;19130274
37;31317914;199,7002; ;19130525;1;19130525
1432;23261348;168,3774997; ;19130533;1;19130533
1024;31724964;2782,519954; ;19130622;1;19130622
1023;31724969;412,9045; ;0;0;19130622
174;31578834;290,4581; ;19130878;1;19130878
534;31616011;151,7863065;NI MOŽNO;19130983;1;19130983
535;0;32,28744244;NI MOŽNO;0;0;19130983
527;31900763;13,9241;NI MOŽNO;0;0;19130983
1357;23280528;192,6123;Ni priključen na kanalizacijo - ni možno;19131106;1;19131106
571;31632005;192,5566; ;19131122;1;19131122
35;31635013;151,3796; ;19131173;1;19131173
36;31997748;53,2591; ;0;0;19131173
31;31637755;494,58395; ;19131238;1;19131238
1302;31478946;365,7124425; ;19131254;1;19131254
607;31651687;90,0135; ;19131289;1;19131289
1383;31656196;139,81575; ;19131297;1;19131297
1382;23280596;90,9485; ;0;0;19131297
1647;23260591;151,2832068; ;19131327;1;19131327
1646;23260587;138,3226; ;0;0;19131327
1643;23260589;51,58224999; ;0;0;19131327
768;31711432;326,1281; ;19131467;1;19131467
844;31716945;2623,97035; ;19131491;1;19131491
1207;31739689;2929,97675; ;19131530;1;19131530
1808;23298395;142,5104; ;19131599;1;19131599
1810;23298396;237,1758551; ;0;0;19131599
1803;31669337;94,31085; ;0;0;19131599
1790;23298341;436,9134; ;19131645;1;19131645
13;31760163;206,50845; ;19131769;1;19131769
1813;31779065;128,4267; ;19131807;1;19131807
1814;31713110;36,4315; ;0;0;19131807
1283;31821117;179,84265; ;19131904;1;19131904
339;31832232;198,9663981; ;19132005;1;19132005
16;31859097;258,1373; ;19132099;1;19132099
1444;31898195;354,6298; ;19132234;1;19132234
1453;31998222;44,4029; ;0;0;19132234
368;31900472;246,78245; ;19132269;1;19132269
1452;31900932;304,99285; ;19132285;1;19132285
107;31200298;235,1969485; ;19132307;1;19132307
1411;23262365;835,8225671; ;19132315;1;19132315
1458;31919492;230,3447; ;19132366;1;19132366
1036;31774788;640,4996225; ;19133028;1;19133028
909;31983688;183,929; ;19133265;1;19133265
1251;31965164;941,3815; ;19133435;1;19133435
1472;32007444;148,8196367; ;19133494;1;19133494
1475;0;36,25497211; ;0;0;19133494
1471;32060326;27,69602923; ;0;0;19133494
1263;32011493;1200,99445; ;19133702;1;19133702
33;32045339;581,5218; ;19133982;1;19133982
169;32056339;114,43995; ;19134016;1;19134016
171;0;139,2900791; ;0;0;19134016
778;23260857;183,2824; ;19134156;1;19134156
221;32115655;167,88205; ;19134270;1;19134270
579;23261105;162,5552; ;19134407;1;19134407
269;23261838;134,2322356; ;19134474;1;19134474
365;32211622;270,8132; ;19134601;1;19134601
367;0;109,5987295; ;0;0;19134601
580;23261103;205,3708591; ;19134679;1;19134679
1289;23280251;163,21945; ;19134750;1;19134750
34;32245555;258,3519; ;19134784;1;19134784
12;32329966;256,6382987; ;19134989;1;19134989
1495;32348442;143,2495978; ;19135136;1;19135136
526;32407450;213,77625; ;19135420;1;19135420
1414;32408899;238,1346; ;19135497;1;19135497
1457;23261323;208,9062551; ;19135705;1;19135705
902;23261501;79,90725; ;19135721;1;19135721
308;23261902;197,20375; ;19135934;1;19135934
1311;32463390;172,54815; ;19135977;1;19135977
14;32485580;164,99395; ;19136043;1;19136043
19;0;82,98213449; ;0;0;19136043
1726;31311868;66,4329; ;19136094;1;19136094
1103;32582566;571,4096; ;19136337;1;19136337
18;32591847;194,1805; ;19136361;1;19136361
20;0;56,88194183; ;0;0;19136361
1705;23260259;160,30885; ;19136370;1;19136370
1292;32711787;212,78925; ;19136469;1;19136469
1293;32711789;126,6277231; ;0;0;19136469
177;32631724;138,57295; ;19136493;1;19136493
222;32692711;185,58775; ;19136922;1;19136922
705;32428220;69,38875; ;19137031;1;19137031
1148;32767994;144,0387512; ;19137147;1;19137147
15;32878651;233,00145; ;19137252;1;19137252
262;32786650;160,52555; ;19137368;1;19137368
1415;32726890;227,34015;ČN;19137414;1;19137414
1416;32726888;22,288;ČN;0;0;19137414
1022;31774785;730,19855; ;19137481;1;19137481
1420;32918657;233,4637585; ;19137490;1;19137490
144;33120643;157,466407; ;19137716;1;19137716
606;32416122;74,75545; ;19137856;1;19137856
1611;33128213;177,68575; ;19137864;1;19137864
1750;32883406;92,8944; ;19137937;1;19137937
1747;32310307;91,91895; ;19137945;1;19137945
1753;32310305;98,03700738; ;19137953;1;19137953
246;23279804;171,3814; ;19137970;1;19137970
1760;0;62,38372138; ;0;0;19137970
363;33648724;160,5261; ;19138089;1;19138089
1021;31774783;664,8176; ;19138151;1;19138151
23;33875664;218,4722; ;19138194;1;19138194
180;33970740;183,10755; ;19138453;1;19138453
181;0;67,99365338; ;0;0;19138453
234;23279763;835,9361229; ;19138488;1;19138488
769;32051605;242,6176363; ;19138593;1;19138593
366;34006872;189,91015; ;19138607;1;19138607
1220;34006191;132,8741; ;19138615;1;19138615
357;34029048;199,5735; ;19138704;1;19138704
358;34315758;65,4948; ;0;0;19138704
1740;34037732;130,0437; ;19138712;1;19138712
1741;34037734;68,99158458; ;0;0;19138712
361;34039723;197,895; ;19138739;1;19138739
17;34049729;300,521; ;19138755;1;19138755
21;34054759;267,9516; ;19138852;1;19138852
22;34378772;160,4552; ;19138941;1;19138941
40;34376769;210,6581738; ;19138976;1;19138976
1693;34352702;152,8993; ;19139026;1;19139026
1277;23280301;350,7674; ;19139034;1;19139034
476;34555732;529,75785; ;19139131;1;19139131
150;35021766;443,5803; ;19139441;1;19139441
349;23261809;78,72255; ;19139450;1;19139450
348;23261810;259,5536; ;0;0;19139450
1285;34927756;193,66235; ;19139476;1;19139476
1252;31378029;493,8069691; ;19139549;1;19139549
1502;23261051;91,8375; ;19139573;1;19139573
1501;23262153;17,246; ;0;0;19139573
1020;35456757;625,64365; ;19139646;1;19139646
